hem,gze,gzl,gsnl,gsnn
N,Even,N,F,00
N,Even,N,G,01
N,Even,N,H,02
N,Even,N,J,03
N,Even,N,K,04
N,Even,N,L,05
N,Even,N,M,06
N,Even,N,N,07
N,Even,N,P,08
N,Even,N,V,88
N,Even,N,V,89
N,Even,N,V,90
N,Even,N,V,91
N,Even,N,V,92
N,Even,N,W,88
N,Even,N,W,89
N,Even,N,W,90
N,Even,N,W,91
N,Even,N,W,92
N,Even,N,W,93
N,Even,P,A,15
N,Even,P,B,16
N,Even,P,C,17
N,Even,P,P,08
N,Even,P,Q,09
N,Even,P,R,10
N,Even,P,S,11
N,Even,P,T,12
N,Even,P,U,13
N,Even,P,V,14
N,Even,Q,C,17
N,Even,Q,D,18
N,Even,Q,E,19
N,Even,Q,F,20
N,Even,Q,G,21
N,Even,Q,H,22
N,Even,Q,J,23
N,Even,Q,K,24
N,Even,Q,L,25
N,Even,Q,M,26
N,Even,R,A,35
N,Even,R,M,26
N,Even,R,N,27
N,Even,R,P,28
N,Even,R,Q,29
N,Even,R,R,30
N,Even,R,S,31
N,Even,R,T,32
N,Even,R,U,33
N,Even,R,V,34
N,Even,S,A,35
N,Even,S,B,36
N,Even,S,C,37
N,Even,S,D,38
N,Even,S,E,39
N,Even,S,F,40
N,Even,S,G,41
N,Even,S,H,42
N,Even,S,J,43
N,Even,S,K,44
N,Even,T,K,44
N,Even,T,L,45
N,Even,T,M,46
N,Even,T,N,47
N,Even,T,P,48
N,Even,T,Q,49
N,Even,T,R,50
N,Even,T,S,51
N,Even,T,T,52
N,Even,U,A,55
N,Even,U,B,56
N,Even,U,C,57
N,Even,U,D,58
N,Even,U,E,59
N,Even,U,F,60
N,Even,U,G,61
N,Even,U,H,62
N,Even,U,U,53
N,Even,U,V,54
N,Even,V,H,62
N,Even,V,J,63
N,Even,V,K,64
N,Even,V,L,65
N,Even,V,M,66
N,Even,V,N,67
N,Even,V,P,68
N,Even,V,Q,69
N,Even,V,R,70
N,Even,W,A,75
N,Even,W,B,76
N,Even,W,C,77
N,Even,W,D,78
N,Even,W,E,79
N,Even,W,S,71
N,Even,W,T,72
N,Even,W,U,73
N,Even,W,V,74
N,Even,X,F,80
N,Even,X,G,81
N,Even,X,H,82
N,Even,X,J,83
N,Even,X,K,84
N,Even,X,L,85
N,Even,X,M,86
N,Even,X,N,87
N,Even,X,P,88
N,Odd,N,A,00
N,Odd,N,B,01
N,Odd,N,C,02
N,Odd,N,D,03
N,Odd,N,D,89
N,Odd,N,D,90
N,Odd,N,D,91
N,Odd,N,D,92
N,Odd,N,D,93
N,Odd,N,E,04
N,Odd,N,E,89
N,Odd,N,E,90
N,Odd,N,E,91
N,Odd,N,E,92
N,Odd,N,E,93
N,Odd,N,F,05
N,Odd,N,G,06
N,Odd,N,H,07
N,Odd,N,J,08
N,Odd,P,K,09
N,Odd,P,L,10
N,Odd,P,M,11
N,Odd,P,N,12
N,Odd,P,P,13
N,Odd,P,Q,14
N,Odd,P,R,15
N,Odd,P,S,16
N,Odd,P,T,17
N,Odd,Q,A,20
N,Odd,Q,B,21
N,Odd,Q,C,22
N,Odd,Q,D,23
N,Odd,Q,E,24
N,Odd,Q,F,25
N,Odd,Q,G,26
N,Odd,Q,T,17
N,Odd,Q,U,18
N,Odd,Q,V,19
N,Odd,R,G,26
N,Odd,R,H,27
N,Odd,R,J,28
N,Odd,R,K,29
N,Odd,R,L,30
N,Odd,R,M,31
N,Odd,R,N,32
N,Odd,R,P,33
N,Odd,R,Q,34
N,Odd,R,R,35
N,Odd,S,A,40
N,Odd,S,B,41
N,Odd,S,C,42
N,Odd,S,D,43
N,Odd,S,E,44
N,Odd,S,R,35
N,Odd,S,S,36
N,Odd,S,T,37
N,Odd,S,U,38
N,Odd,S,V,39
N,Odd,T,E,44
N,Odd,T,F,45
N,Odd,T,G,46
N,Odd,T,H,47
N,Odd,T,J,48
N,Odd,T,K,49
N,Odd,T,L,50
N,Odd,T,M,51
N,Odd,T,N,52
N,Odd,T,P,53
N,Odd,U,A,60
N,Odd,U,B,61
N,Odd,U,P,53
N,Odd,U,Q,54
N,Odd,U,R,55
N,Odd,U,S,56
N,Odd,U,T,57
N,Odd,U,U,58
N,Odd,U,V,59
N,Odd,V,C,62
N,Odd,V,D,63
N,Odd,V,E,64
N,Odd,V,F,65
N,Odd,V,G,66
N,Odd,V,H,67
N,Odd,V,J,68
N,Odd,V,K,69
N,Odd,V,L,70
N,Odd,W,M,71
N,Odd,W,N,72
N,Odd,W,P,73
N,Odd,W,Q,74
N,Odd,W,R,75
N,Odd,W,S,76
N,Odd,W,T,77
N,Odd,W,U,78
N,Odd,W,V,79
N,Odd,X,A,80
N,Odd,X,B,81
N,Odd,X,C,82
N,Odd,X,D,83
N,Odd,X,E,84
N,Odd,X,F,85
N,Odd,X,G,86
N,Odd,X,H,87
N,Odd,X,J,88
N,Odd,X,V,79
S,Even,C,A,15
S,Even,C,B,16
S,Even,C,C,17
S,Even,C,D,18
S,Even,C,E,19
S,Even,C,F,20
S,Even,C,S,11
S,Even,C,T,12
S,Even,C,U,13
S,Even,C,V,14
S,Even,D,F,20
S,Even,D,G,21
S,Even,D,H,22
S,Even,D,J,23
S,Even,D,K,24
S,Even,D,L,25
S,Even,D,M,26
S,Even,D,N,27
S,Even,D,P,28
S,Even,D,Q,29
S,Even,E,A,35
S,Even,E,B,36
S,Even,E,C,37
S,Even,E,Q,29
S,Even,E,R,30
S,Even,E,S,31
S,Even,E,T,32
S,Even,E,U,33
S,Even,E,V,34
S,Even,F,D,38
S,Even,F,E,39
S,Even,F,F,40
S,Even,F,G,41
S,Even,F,H,42
S,Even,F,J,43
S,Even,F,K,44
S,Even,F,L,45
S,Even,F,M,46
S,Even,G,A,55
S,Even,G,M,46
S,Even,G,N,47
S,Even,G,P,48
S,Even,G,Q,49
S,Even,G,R,50
S,Even,G,S,51
S,Even,G,T,52
S,Even,G,U,53
S,Even,G,V,54
S,Even,H,A,55
S,Even,H,B,56
S,Even,H,C,57
S,Even,H,D,58
S,Even,H,E,59
S,Even,H,F,60
S,Even,H,G,61
S,Even,H,H,62
S,Even,H,J,63
S,Even,H,K,64
S,Even,J,K,64
S,Even,J,L,65
S,Even,J,M,66
S,Even,J,N,67
S,Even,J,P,68
S,Even,J,Q,69
S,Even,J,R,70
S,Even,J,S,71
S,Even,J,T,72
S,Even,J,U,73
S,Even,K,A,75
S,Even,K,B,76
S,Even,K,C,77
S,Even,K,D,78
S,Even,K,E,79
S,Even,K,F,80
S,Even,K,G,81
S,Even,K,H,82
S,Even,K,U,73
S,Even,K,V,74
S,Even,L,H,82
S,Even,L,J,83
S,Even,L,K,84
S,Even,L,L,85
S,Even,L,M,86
S,Even,L,N,87
S,Even,L,P,88
S,Even,L,Q,89
S,Even,L,R,90
S,Even,L,S,91
S,Even,M,A,95
S,Even,M,B,96
S,Even,M,C,97
S,Even,M,D,98
S,Even,M,E,99
S,Even,M,S,91
S,Even,M,T,92
S,Even,M,U,93
S,Even,M,V,94
S,Odd,C,A,20
S,Odd,C,M,11
S,Odd,C,N,12
S,Odd,C,P,13
S,Odd,C,Q,14
S,Odd,C,R,15
S,Odd,C,S,16
S,Odd,C,T,17
S,Odd,C,U,18
S,Odd,C,V,19
S,Odd,D,A,20
S,Odd,D,B,21
S,Odd,D,C,22
S,Odd,D,D,23
S,Odd,D,E,24
S,Odd,D,F,25
S,Odd,D,G,26
S,Odd,D,H,27
S,Odd,D,J,28
S,Odd,E,K,29
S,Odd,E,L,30
S,Odd,E,M,31
S,Odd,E,N,32
S,Odd,E,P,33
S,Odd,E,Q,34
S,Odd,E,R,35
S,Odd,E,S,36
S,Odd,E,T,37
S,Odd,F,A,40
S,Odd,F,B,41
S,Odd,F,C,42
S,Odd,F,D,43
S,Odd,F,E,44
S,Odd,F,F,45
S,Odd,F,G,46
S,Odd,F,T,37
S,Odd,F,U,38
S,Odd,F,V,39
S,Odd,G,G,46
S,Odd,G,H,47
S,Odd,G,J,48
S,Odd,G,K,49
S,Odd,G,L,50
S,Odd,G,M,51
S,Odd,G,N,52
S,Odd,G,P,53
S,Odd,G,Q,54
S,Odd,G,R,55
S,Odd,H,A,60
S,Odd,H,B,61
S,Odd,H,C,62
S,Odd,H,D,63
S,Odd,H,E,64
S,Odd,H,R,55
S,Odd,H,S,56
S,Odd,H,T,57
S,Odd,H,U,58
S,Odd,H,V,59
S,Odd,J,E,64
S,Odd,J,F,65
S,Odd,J,G,66
S,Odd,J,H,67
S,Odd,J,J,68
S,Odd,J,K,69
S,Odd,J,L,70
S,Odd,J,M,71
S,Odd,J,N,72
S,Odd,J,P,73
S,Odd,K,A,80
S,Odd,K,B,81
S,Odd,K,C,82
S,Odd,K,P,73
S,Odd,K,Q,74
S,Odd,K,R,75
S,Odd,K,S,76
S,Odd,K,T,77
S,Odd,K,U,78
S,Odd,K,V,79
S,Odd,L,C,82
S,Odd,L,D,83
S,Odd,L,E,84
S,Odd,L,F,85
S,Odd,L,G,86
S,Odd,L,H,87
S,Odd,L,J,88
S,Odd,L,K,89
S,Odd,L,L,90
S,Odd,L,M,91
S,Odd,M,M,91
S,Odd,M,N,92
S,Odd,M,P,93
S,Odd,M,Q,94
S,Odd,M,R,95
S,Odd,M,S,96
S,Odd,M,T,97
S,Odd,M,U,98
S,Odd,M,V,99
