TransactionDate,TransactionType,SecurityType,Symbol,Quantity,Amount,Price,Commission,Description
07/06/20,Sold,MF,INPIX,-1.571,200,127.28,0,PROFUNDS INTERNET ULTRASECTOR PROFUNDS                      
07/06/20,Sold,MF,INPIX,-0.786,100,127.28,0,PROFUNDS INTERNET ULTRASECTOR PROFUNDS                      
07/01/20,Sold,MF,GOLDX,-4.721,100,21.18,0,GABELLI GOLD AAA              GABELLI                       
06/30/20,Sold,MF,GOLDX,-4.746,100,21.07,0,GABELLI GOLD AAA              GABELLI                       
06/30/20,Dividend,MF,PYVAX,0.379,-5.93,0,0,PAYDEN EQUITY INCOME ADVISER  PAYDENFUNDS                   
06/30/20,Dividend,MF,PYVAX,0,5.93,0,0,PAYDEN EQUITY INCOME ADVISER  PAYDENFUNDS                   
06/26/20,Interest,BOND,#2021396,0,0.01,0,0,E*TRADE SAVINGS BANK RSDA     INTEREST
06/24/20,Bought,MF,DXSLX,3.537,-100,28.2693,0,DIREXION MTHLY S&P 500 BULL 2XDIREXION FUNDS                
06/24/20,Bought,MF,ULPIX,1.593,-100,62.79,0,PROFUNDS ULTRABULL INV        PROFUNDS                      
06/12/20,Bought,MF,ULPIX,1.642,-100,60.9,0,PROFUNDS ULTRABULL INV        PROFUNDS                      
06/11/20,Bought,MF,PYVAX,22.422,-350,15.61,0,PAYDEN EQUITY INCOME ADVISER  PAYDENFUNDS                   
06/11/20,Bought,MF,DXSLX,3.654,-100,27.3705,0,DIREXION MTHLY S&P 500 BULL 2XDIREXION FUNDS                
06/05/20,Sold,MF,BGSAX,-4.817,200,41.52,0,BLACKROCK TECHNOLOGY OPPORTUNIBLACKROCK                     
05/26/20,Interest,BOND,#2021396,0,0.01,0,0,E*TRADE SAVINGS BANK RSDA     INTEREST
05/19/20,Sold,MF,GOLDX,-11,231,21,0,GABELLI GOLD AAA              GABELLI                       
05/18/20,Sold,MF,TMFGX,-26.756,671.58,25.1,0,MFAM MID CAP GROWTH INV       MOTLEY FOOL                   
05/13/20,Bought,MF,RYVYX,0.542,-100,184.36,0,RYDEX NASDAQ-100?? 2X STRATEGY Rydex Funds                  
05/13/20,Bought,MF,PYVAX,6.614,-100,15.12,0,PAYDEN EQUITY INCOME ADVISER  PAYDENFUNDS                   
05/13/20,Bought,MF,BPTRX,1.543,-100,64.79,0,BARON PARTNERS RETAIL         BARON CAPITAL GROUP           
05/13/20,Bought,MF,DXSLX,4.144,-100,24.1307,0,DIREXION MTHLY S&P 500 BULL 2XDIREXION FUNDS                
05/13/20,Bought,MF,ULPIX,1.851,-100,54.03,0,PROFUNDS ULTRABULL INV        PROFUNDS                      
05/08/20,Sold,MF,GOLDX,-35.879,700,19.51,0,GABELLI GOLD AAA              GABELLI                       
04/27/20,Interest,BOND,#2021396,0,0.01,0,0,E*TRADE SAVINGS BANK RSDA     INTEREST
04/08/20,Sold,MF,AMAGX,-9.735,394.07,40.48,0,AMANA GROWTH INVESTOR         AMANA                         
03/31/20,Dividend,MF,PYVAX,0.141,-2.05,0,0,PAYDEN EQUITY INCOME ADVISER  PAYDENFUNDS                   
03/31/20,Dividend,MF,PYVAX,0,2.05,0,0,PAYDEN EQUITY INCOME ADVISER  PAYDENFUNDS                   
03/16/20,Sold,MF,SFLNX,-7.143,100,14,0,SCHWAB FUNDAMENTAL US LARGE COSCHWAB FUNDS                  
03/13/20,Sold,MF,TMFGX,-4.505,100,22.2,0,MFAM MID CAP GROWTH INV       MOTLEY FOOL                   
03/13/20,Sold,MF,AMAGX,-2.52,100,39.68,0,AMANA GROWTH INVESTOR         AMANA                         
03/13/20,Sold,MF,GOLDX,-8.439,100,11.85,0,GABELLI GOLD AAA              GABELLI                       
03/06/20,Bought,MF,PGTAX,2.295,-100,43.58,0,PUTNAM GLOBAL TECHNOLOGY A    PUTNAM                        
03/06/20,Bought,MF,TEPSX,2.196,-100,45.53,0,PROFUNDS TECHNOLOGY ULTRASECTOPROFUNDS                      
03/06/20,Bought,MF,RMQHX,0.569,-100,175.84,0,RYDEX MONTHLY RBL NASDAQ-100????Rydex Funds                 
03/06/20,Bought,MF,LDVAX,4.753,-100,21.04,0,LELAND THOMSON REUTERS VNTR CPLELAND FUNDS                  
03/06/20,Bought,MF,INPIX,1.156,-100,86.51,0,PROFUNDS INTERNET ULTRASECTOR PROFUNDS                      
03/06/20,Bought,MF,BPTRX,1.372,-100,72.86,0,BARON PARTNERS RETAIL         BARON CAPITAL GROUP           
03/06/20,Contribution,UNKNOWN, ,0,500,0,0,ACH DEPOSIT                   REFID:39445932482;
03/06/20,Contribution,EQ, ,0,0,0,0,$ 500.00 CONTRIBUTION 2020             REFID:39445932482;
03/05/20,Sold,MF,GOLDX,-5.952,100,16.8,0,GABELLI GOLD AAA              GABELLI                       
03/04/20,Bought,MF,INPIX,2.691,-250,92.89,0,PROFUNDS INTERNET ULTRASECTOR PROFUNDS                      
03/04/20,Bought,MF,TEPSX,5.051,-250,49.5,0,PROFUNDS TECHNOLOGY ULTRASECTOPROFUNDS                      
03/04/20,Bought,MF,ULPIX,3.419,-250,73.12,0,PROFUNDS ULTRABULL INV        PROFUNDS                      
03/04/20,Bought,MF,DXSLX,8.142,-250,30.7041,0,DIREXION MTHLY S&P 500 BULL 2XDIREXION FUNDS                
03/04/20,Contribution,UNKNOWN, ,0,1000,0,0,ACH DEPOSIT                   REFID:39203518482;
03/04/20,Contribution,EQ, ,0,0,0,0,$ 1000.00 CONTRIBUTION 2020             REFID:39203518482;
02/24/20,Bought,MF,RMQHX,0.804,-160.79,200.02,0,RYDEX MONTHLY RBL NASDAQ-100????Rydex Funds                 
02/24/20,Bought,MF,RYOCX,8.445,-390,46.18,0,RYDEX NASDAQ-100?? INV         Rydex Funds                  
02/24/20,Bought,MF,BPTRX,6.484,-550,84.83,0,BARON PARTNERS RETAIL         BARON CAPITAL GROUP           
02/24/20,Contribution,UNKNOWN, ,0,1000,0,0,ACH DEPOSIT                   REFID:38461214482;
02/24/20,Contribution,EQ, ,0,0,0,0,$ 1000.00 CONTRIBUTION 2020             REFID:38461214482;
02/21/20,Bought,MF,JAGTX,2.397,-100,41.72,0,JANUS HENDERSON GLB TECH AND IJANUS HENDERSON               
02/21/20,Bought,MF,BPTRX,1.118,-100,89.47,0,BARON PARTNERS RETAIL         BARON CAPITAL GROUP           
02/21/20,Bought,MF,ULPIX,1.192,-100,83.91,0,PROFUNDS ULTRABULL INV        PROFUNDS                      
02/21/20,Bought,MF,DXSLX,2.838,-100,35.2409,0,DIREXION MTHLY S&P 500 BULL 2XDIREXION FUNDS                
02/20/20,Fee,UNKNOWN, ,0,-49.99,0,0,Early Redemption Fee - GABSX
02/19/20,Bought,MF,PGTAX,20.387,-1000,49.05,0,PUTNAM GLOBAL TECHNOLOGY A    PUTNAM                        
02/19/20,Bought,MF,DXSLX,27.595,-1000,36.2388,0,DIREXION MTHLY S&P 500 BULL 2XDIREXION FUNDS                
02/18/20,Bought,MF,BPTRX,11.355,-1000,88.07,0,BARON PARTNERS RETAIL         BARON CAPITAL GROUP           
02/18/20,Sold,MF,GABSX,-42.922,2046.95,47.69,0,GABELLI SMALL CAP GROWTH AAA  GABELLI                       
02/11/20,Bought,MF,ULPIX,11.777,-1000,84.91,0,PROFUNDS ULTRABULL INV        PROFUNDS                      
02/10/20,Sold,MF,GOLDX,-156.858,2548.94,16.25,0,GABELLI GOLD AAA              GABELLI                       
02/03/20,Dividend,MF,PONAX,0,4.88,0,0,PIMCO INCOME A                PIMCO
01/24/20,Bought,MF,INPIX,9.434,-941.74,99.82,0,PROFUNDS INTERNET ULTRASECTOR PROFUNDS                      
01/24/20,Bought,MF,AKREX,6.901,-321.67,46.61,0,AKRE FOCUS RETAIL             AKRE                          
01/24/20,Fee,UNKNOWN, ,0,-49.99,0,0,Early Redemption Fee - PONAX
01/23/20,Bought,MF,JAGTX,24.39,-1000,41,0,JANUS HENDERSON GLOBAL TECHNOLJANUS HENDERSON               
01/23/20,Bought,MF,TEPSX,18.543,-1000,53.93,0,PROFUNDS TECHNOLOGY ULTRASECTOPROFUNDS                      
01/23/20,Bought,MF,RYVYX,4.681,-1000,213.64,0,RYDEX NASDAQ-100?? 2X STRATEGY Rydex Funds                  
01/23/20,Fee,UNKNOWN, ,0,-49.99,0,0,Early Redemption Fee - TRDFX
01/22/20,Sold,MF,NBGAX,-42.757,2567.13,60.04,0,NEUBERGER BERMAN GENESIS ADV  NEUBERGER BERMAN              
01/22/20,Sold,MF,PONAX,-144.439,1746.27,12.09,0,PIMCO INCOME A                PIMCO                         
01/22/20,Bought,MF,AKREX,14.492,-677.79,46.77,0,AKRE FOCUS RETAIL             AKRE                          
01/22/20,Bought,MF,BGSAX,27.457,-1000,36.42,0,BLACKROCK TECHNOLOGY OPPORTUNIBLACKROCK                     
01/21/20,Sold,MF,TRDFX,-41.197,575.11,13.96,0,CROSSMARK STEWARD SM-MD CP ENHCROSSMARK STEWARD FUNDS       
01/21/20,Bought,MF,LDVAX,21.097,-500,23.7,0,LELAND THOMSON REUTERS VNTR CPLELAND FUNDS                  
01/16/20,Sold,MF,OAKBX,-52.6,1561.17,29.68,0,OAKMARK EQUITY AND INCOME INVEOAKMARK                       
01/16/20,Adjustment,EQ,#8661019,0,0,0,0,$ 18259.88 FAIR MARKET VALUE - 12/31/19
01/07/20,Dividend,MF,AMAGX,0,14.76,0,0,AMANA GROWTH INVESTOR         AMANA                         
01/07/20,Dividend,MF,AMAGX,0.333,-14.76,0,0,AMANA GROWTH INVESTOR         AMANA                         
01/06/20,Dividend,MF,AMAGX,0,-14.76,0,0,AMANA GROWTH INVESTOR         AMANA                         
01/06/20,Dividend,MF,AMAGX,-0.334,14.76,0,0,AMANA GROWTH INVESTOR         AMANA                         
01/02/20,Dividend,MF,PONAX,0.605,-7.28,0,0,PIMCO INCOME A                PIMCO                         
01/02/20,Dividend,MF,PONAX,0,7.28,0,0,PIMCO INCOME A                PIMCO                         
12/31/19,Dividend,MF,PYVAX,0.112,-2.04,0,0,PAYDEN EQUITY INCOME ADVISER  PAYDENFUNDS                   
12/31/19,Dividend,MF,PYVAX,0,2.04,0,0,PAYDEN EQUITY INCOME ADVISER  PAYDENFUNDS                   
12/30/19,Bought,MF,RMQHX,3.248,-600.02,184.74,0,RYDEX MONTHLY RBL NASDAQ-100????Rydex Funds                 
12/30/19,Contribution,UNKNOWN, ,0,600,0,0,ACH DEPOSIT                   REFID:35169560482;
12/30/19,Contribution,EQ, ,0,0,0,0,$ 600.00 CONTRIBUTION 2019             REFID:35169560482;
12/30/19,Dividend,MF,GOLDX,2.385,-38.85,0,0,GABELLI GOLD AAA              GABELLI                       
12/30/19,Dividend,MF,FNCMX,0,8.22,0,0,FIDELITY?? NASDAQ COMPOSITE INDFIDELITY INVESTMENTS         
12/30/19,Dividend,MF,FNCMX,0,9.16,0,0,FIDELITY?? NASDAQ COMPOSITE INDFIDELITY INVESTMENTS         
12/30/19,Dividend,MF,GOLDX,0,38.85,0,0,GABELLI GOLD AAA              GABELLI                       
12/30/19,Dividend,MF,FNCMX,0,24.13,0,0,FIDELITY?? NASDAQ COMPOSITE INDFIDELITY INVESTMENTS         
12/27/19,Dividend,MF,PONAX,0.403,-4.85,0,0,PIMCO INCOME A                PIMCO                         
12/27/19,Dividend,MF,PONAX,0,4.85,0,0,PIMCO INCOME A                PIMCO                         
12/23/19,Bought,MF,FNCMX,8.357,-999.99,117.27,19.99,FIDELITY?? NASDAQ COMPOSITE INDFIDELITY INVESTMENTS         
12/23/19,Bought,MF,PYVAX,32.841,-600,18.27,0,PAYDEN EQUITY INCOME ADVISER  PAYDENFUNDS                   
12/23/19,Contribution,UNKNOWN, ,0,400,0,0,ACH DEPOSIT                   REFID:34798611482;
12/23/19,Contribution,EQ, ,0,0,0,0,$ 400.00 CONTRIBUTION 2019             REFID:34798611482;
12/23/19,Interest,BOND,#2021396,0,0.01,0,0,E*TRADE SAVINGS BANK RSDA     INTEREST
12/23/19,Dividend,MF,SFLNX,0.47,-8.34,0,0,SCHWAB FUNDAMENTAL US LARGE COSCHWAB FUNDS                  
12/23/19,Dividend,MF,SFLNX,0.03,-0.53,0,0,SCHWAB FUNDAMENTAL US LARGE COSCHWAB FUNDS                  
12/23/19,Dividend,MF,SWPPX,0.024,-1.2,0,0,SCHWAB?? S&P 500 INDEX         SCHWAB FUNDS                 
12/23/19,Dividend,MF,TRDFX,1.3,-18.2,0,0,CROSSMARK STEWARD SM-MD CP ENHCROSSMARK STEWARD FUNDS       
12/23/19,Dividend,MF,SFLNX,0.408,-7.23,0,0,SCHWAB FUNDAMENTAL US LARGE COSCHWAB FUNDS                  
12/23/19,Dividend,MF,SWPPX,0.239,-11.79,0,0,SCHWAB?? S&P 500 INDEX         SCHWAB FUNDS                 
12/23/19,Dividend,MF,SFLNX,0,0.53,0,0,SCHWAB FUNDAMENTAL US LARGE COSCHWAB FUNDS                  
12/23/19,Dividend,MF,SFLNX,0,7.23,0,0,SCHWAB FUNDAMENTAL US LARGE COSCHWAB FUNDS                  
12/23/19,Dividend,MF,SWPPX,0,11.79,0,0,SCHWAB?? S&P 500 INDEX         SCHWAB FUNDS                 
12/23/19,Dividend,MF,TRDFX,0,18.2,0,0,CROSSMARK STEWARD SM-MD CP ENHCROSSMARK STEWARD FUNDS       
12/23/19,Dividend,MF,SFLNX,0,8.34,0,0,SCHWAB FUNDAMENTAL US LARGE COSCHWAB FUNDS                  
12/23/19,Dividend,MF,SWPPX,0,1.2,0,0,SCHWAB?? S&P 500 INDEX         SCHWAB FUNDS                 
12/20/19,Dividend,MF,AMAGX,0.334,-14.76,0,0,AMANA GROWTH INVESTOR         AMANA                         
12/20/19,Dividend,MF,AMAGX,0.043,-1.92,0,0,AMANA GROWTH INVESTOR         AMANA                         
12/20/19,Dividend,MF,AMAGX,0,1.92,0,0,AMANA GROWTH INVESTOR         AMANA                         
12/20/19,Dividend,MF,AMAGX,0,14.76,0,0,AMANA GROWTH INVESTOR         AMANA                         
12/19/19,Dividend,MF,TMFGX,1.734,-43.06,0,0,MFAM MID CAP GROWTH INV       MOTLEY FOOL                   
12/19/19,Dividend,MF,TMFGX,0,43.06,0,0,MFAM MID CAP GROWTH INV       MOTLEY FOOL                   
12/17/19,Bought,MF,TRDFX,6.974,-100,14.34,0,CROSSMARK STEWARD SM-MD CP ENHCROSSMARK STEWARD FUNDS       
12/17/19,Bought,MF,SWPPX,2.011,-100,49.73,0,SCHWAB?? S&P 500 INDEX         SCHWAB FUNDS                 
12/17/19,Bought,MF,RYOCX,2.29,-100,43.66,0,RYDEX NASDAQ-100?? INV         Rydex Funds                  
12/17/19,Dividend,MF,NBGAX,2.366,-136.71,0,0,NEUBERGER BERMAN GENESIS ADV  NEUBERGER BERMAN              
12/17/19,Dividend,MF,NBGAX,0,136.71,0,0,NEUBERGER BERMAN GENESIS ADV  NEUBERGER BERMAN              
12/16/19,Bought,MF,GABSX,10.707,-500,46.7,0,GABELLI SMALL CAP GROWTH AAA  GABELLI                       
12/13/19,Dividend,MF,OAKBX,3.578,-103.75,0,0,OAKMARK EQUITY AND INCOME INVEOAKMARK                       
12/13/19,Dividend,MF,OAKBX,0.85,-24.64,0,0,OAKMARK EQUITY AND INCOME INVEOAKMARK                       
12/13/19,Dividend,MF,OAKBX,0,24.64,0,0,OAKMARK EQUITY AND INCOME INVEOAKMARK                       
12/13/19,Dividend,MF,OAKBX,0,103.75,0,0,OAKMARK EQUITY AND INCOME INVEOAKMARK                       
12/12/19,Dividend,MF,RYOCX,0.229,-9.78,0,0,RYDEX NASDAQ-100?? INV         Rydex Funds                  
12/12/19,Dividend,MF,RYOCX,0.001,-0.06,0,0,RYDEX NASDAQ-100?? INV         Rydex Funds                  
12/12/19,Dividend,MF,RYOCX,0,0.06,0,0,RYDEX NASDAQ-100?? INV         Rydex Funds                  
12/12/19,Dividend,MF,RYOCX,0,9.78,0,0,RYDEX NASDAQ-100?? INV         Rydex Funds                  
12/09/19,Bought,MF,GABSX,2.166,-100,46.16,0,GABELLI SMALL CAP GROWTH AAA  GABELLI                       
12/09/19,Bought,MF,SWPPX,1.142,-55.74,48.83,0,SCHWAB?? S&P 500 INDEX         SCHWAB FUNDS                 
12/09/19,Bought,MF,PONAX,8.34,-100,11.99,0,PIMCO INCOME A                PIMCO                         
12/03/19,Bought,MF,RYOCX,11.666,-500,42.86,0,RYDEX NASDAQ-100?? INV         Rydex Funds                  
12/03/19,Contribution,UNKNOWN, ,0,2000,0,0,ACH DEPOSIT                   REFID:33736379482;
12/03/19,Contribution,EQ, ,0,0,0,0,$ 2000.00 CONTRIBUTION 2019             REFID:33736379482;
12/02/19,Dividend,MF,PONAX,0.579,-6.93,0,0,PIMCO INCOME A                PIMCO                         
12/02/19,Dividend,MF,PONAX,0,6.93,0,0,PIMCO INCOME A                PIMCO
11/26/19,Interest,BOND,#2021396,0,0.01,0,0,E*TRADE SAVINGS BANK RSDA     INTEREST
11/20/19,Bought,MF,SWPPX,10.341,-500,48.35,0,SCHWAB?? S&P 500 INDEX         SCHWAB FUNDS                 
11/20/19,Dividend,MF,GABSX,5.36,-245.1,0,0,GABELLI SMALL CAP GROWTH AAA  GABELLI                       
11/20/19,Dividend,MF,GABSX,0.009,-0.4,0,0,GABELLI SMALL CAP GROWTH AAA  GABELLI                       
11/20/19,Dividend,MF,GABSX,0.038,-1.76,0,0,GABELLI SMALL CAP GROWTH AAA  GABELLI                       
11/20/19,Dividend,MF,GABSX,0,0.4,0,0,GABELLI SMALL CAP GROWTH AAA  GABELLI                       
11/20/19,Dividend,MF,GABSX,0,1.76,0,0,GABELLI SMALL CAP GROWTH AAA  GABELLI                       
11/20/19,Dividend,MF,GABSX,0,245.1,0,0,GABELLI SMALL CAP GROWTH AAA  GABELLI                       
11/01/19,Dividend,MF,PONAX,0.576,-6.9,0,0,PIMCO INCOME A                PIMCO                         
11/01/19,Dividend,MF,PONAX,0,6.9,0,0,PIMCO INCOME A                PIMCO
10/28/19,Bought,MF,TRDFX,7.273,-100,13.75,0,CROSSMARK STEWARD SM-MD CP ENHCROSSMARK STEWARD FUNDS       
10/28/19,Interest,BOND,#2021396,0,0.01,0,0,E*TRADE SAVINGS BANK RSDA     INTEREST
10/01/19,Bought,MF,GABSX,1.884,-100,53.07,0,GABELLI SMALL CAP GROWTH AAA  GABELLI                       
10/01/19,Dividend,MF,PONAX,0.554,-6.61,0,0,PIMCO INCOME A                PIMCO                         
10/01/19,Dividend,MF,PONAX,0,6.61,0,0,PIMCO INCOME A                PIMCO
09/26/19,Interest,BOND,#2021396,0,0.03,0,0,E*TRADE SAVINGS BANK RSDA     INTEREST
09/19/19,Bought,MF,PONAX,8.382,-100,11.93,0,PIMCO INCOME A                PIMCO                         
09/16/19,Dividend,MF,TRDFX,0.046,-0.63,0,0,CROSSMARK STEWARD SM-MD CP ENHCROSSMARK STEWARD FUNDS       
09/16/19,Dividend,MF,TRDFX,0,0.63,0,0,CROSSMARK STEWARD SM-MD CP ENHCROSSMARK STEWARD FUNDS       
09/03/19,Dividend,MF,PONAX,0.538,-6.41,0,0,PIMCO INCOME A                PIMCO                         
09/03/19,Dividend,MF,PONAX,0,6.41,0,0,PIMCO INCOME A                PIMCO
08/26/19,Interest,BOND,#2021396,0,0.05,0,0,E*TRADE SAVINGS BANK RSDA     INTEREST
08/01/19,Dividend,MF,PONAX,0.527,-6.38,0,0,PIMCO INCOME A                PIMCO                         
08/01/19,Dividend,MF,PONAX,0,6.38,0,0,PIMCO INCOME A                PIMCO
07/26/19,Interest,BOND,#2021396,0,0.06,0,0,E*TRADE SAVINGS BANK RSDA     INTEREST
07/06/20,Sold,MF,DXQLX,-2.244,100,44.5671,0,DIREXION MTHLY NASDAQ-100 BULLDIREXION FUNDS                
07/06/20,Sold,MF,BGAFX,-2.473,100,40.43,0,BARON GLOBAL ADVANTAGE RETAIL BARON CAPITAL GROUP           
07/06/20,Sold,MF,OBCHX,-6.357,100,15.73,0,OBERWEIS CHINA OPPORTUNITIES  OBERWEIS                      
07/06/20,Transfer,UNKNOWN, ,0,349,0,0,ACH DEPOSIT                   REFID:49279213482;
07/02/20,Sold,MF,BGAFX,-2.518,100,39.72,0,BARON GLOBAL ADVANTAGE RETAIL BARON CAPITAL GROUP           
07/02/20,Sold,MF,OBCHX,-6.64,100,15.06,0,OBERWEIS CHINA OPPORTUNITIES  OBERWEIS                      
07/01/20,Sold,MF,OBCHX,-6.78,100,14.75,0,OBERWEIS CHINA OPPORTUNITIES  OBERWEIS                      
07/01/20,Dividend,MF,MFEGX,0.024,-3.16,0,0,MFS GROWTH A                  MFS                           
07/01/20,Dividend,MF,MFEGX,0,3.16,0,0,MFS GROWTH A                  MFS                           
06/30/20,Sold,MF,OBCHX,-6.807,100,14.69,0,OBERWEIS CHINA OPPORTUNITIES  OBERWEIS                      
06/30/20,Dividend,MF,PYVLX,0.4,-6.26,0,0,PAYDEN EQUITY INCOME          PAYDENFUNDS                   
06/30/20,Dividend,MF,SVAAX,1.087,-4.98,0,0,FEDERATED HERMES STRATEGIC VALFEDERATED                     
06/30/20,Dividend,MF,PYVLX,0,6.26,0,0,PAYDEN EQUITY INCOME          PAYDENFUNDS                   
06/30/20,Dividend,MF,SVAAX,0,4.98,0,0,FEDERATED HERMES STRATEGIC VALFEDERATED                     
06/29/20,Transfer,UNKNOWN, ,0,349,0,0,ACH DEPOSIT                   REFID:48773142482;
06/26/20,Interest,EQ,#2145605,0,0.02,0,0,EXTENDED INSURANCE SWEEP      DEPOSIT ACCOUNT               
06/25/20,Direct Debit,UNKNOWN, ,0,-1973.52,0,0,ACHDEBIT                      CHASE CREDIT CRD              
06/24/20,Bought,MF,SVAAX,21.834,-100,4.58,0,FEDERATED STRATEGIC VALUE DIVIFEDERATED                     
06/23/20,Sold,MF,OBCHX,-13.661,200,14.64,0,OBERWEIS CHINA OPPORTUNITIES  OBERWEIS                      
06/22/20,Transfer,UNKNOWN, ,0,349,0,0,ACH DEPOSIT                   REFID:48266168482;
06/22/20,Direct Debit,UNKNOWN, ,0,-1001,0,0,ACHDEBIT                      CHASE CREDIT CRD              
06/18/20,Transfer,UNKNOWN, ,0,506.48,0,0,TRANSFER FROM XXXXXX2340      REFID:48044796482;
06/15/20,Transfer,UNKNOWN, ,0,349,0,0,ACH DEPOSIT                   REFID:47759073482;
06/08/20,Transfer,UNKNOWN, ,0,349,0,0,ACH DEPOSIT                   REFID:47125855482;
06/05/20,Sold,MF,OBCHX,-29.499,400,13.56,0,OBERWEIS CHINA OPPORTUNITIES  OBERWEIS                      
06/01/20,Transfer,UNKNOWN, ,0,349,0,0,ACH DEPOSIT                   REFID:46518551482;
05/29/20,Sold,MF,SEEKX,-13.177,544.34,41.31,0,CROSSMARK STEWARD LRG CAP ENH CROSSMARK STEWARD FUNDS       
05/29/20,Dividend,MF,SVAAX,1.066,-4.99,0,0,FEDERATED STRATEGIC VALUE DIVIFEDERATED                     
05/29/20,Dividend,MF,AMANX,0.057,-2.83,0,0,AMANA INCOME INVESTOR         AMANA                         
05/29/20,Dividend,MF,SVAAX,0,4.99,0,0,FEDERATED STRATEGIC VALUE DIVIFEDERATED                     
05/29/20,Dividend,MF,AMANX,0,2.83,0,0,AMANA INCOME INVESTOR         AMANA                         
05/26/20,Interest,EQ,#2145605,0,0.01,0,0,EXTENDED INSURANCE SWEEP      DEPOSIT ACCOUNT               
05/26/20,Transfer,UNKNOWN, ,0,349,0,0,ACH DEPOSIT                   REFID:46056491482;
05/21/20,Transfer,UNKNOWN, ,0,-2000,0,0,TRANSFER TO XXXXXX2340        REFID:45815231482;
05/19/20,Sold,MF,AMAGX,-8.716,381.06,43.72,0,AMANA GROWTH INVESTOR         AMANA                         
05/18/20,Sold,MF,TMFGX,-27.567,691.93,25.1,0,MFAM MID CAP GROWTH INV       MOTLEY FOOL                   
05/18/20,Transfer,UNKNOWN, ,0,349,0,0,ACH DEPOSIT                   REFID:45528880482;
05/13/20,Bought,MF,FKDNX,1.056,-100,94.69,0,FRANKLIN DYNATECH A           FRANKLIN TEMPLETON INVESTMENTS
05/13/20,Bought,MF,UOPIX,1.162,-100,86.03,0,PROFUNDS ULTRANASDAQ-100 INV  PROFUNDS                      
05/13/20,Bought,MF,MFEGX,0.84,-100,119.08,0,MFS GROWTH A                  MFS                           
05/13/20,Bought,MF,BMGAX,3.879,-100,25.78,0,BLACKROCK MID-CAP GROWTH EQUITBLACKROCK                     
05/13/20,Bought,MF,SMPIX,2.037,-100,49.09,0,PROFUNDS SEMICONDUCTOR ULTRASEPROFUNDS                      
05/12/20,Direct Debit,UNKNOWN, ,0,-641.02,0,0,ACHDEBIT                      CHASE CREDIT CRD              
05/11/20,Transfer,UNKNOWN, ,0,349,0,0,ACH DEPOSIT                   REFID:45002091482;
05/08/20,Sold,MF,WPSGX,-22.212,909.8,40.96,0,AB CONCENTRATED GROWTH ADVISORALLIANCEBERNSTEIN             
05/04/20,Transfer,UNKNOWN, ,0,349,0,0,ACH DEPOSIT                   REFID:44493751482;
05/01/20,Transfer,UNKNOWN, ,0,-1500,0,0,TRANSFER TO XXXXXX2340        REFID:44361809482;
04/30/20,Dividend,MF,SVAAX,0.659,-3.09,0,0,FEDERATED STRATEGIC VALUE DIVIFEDERATED                     
04/30/20,Dividend,MF,SVAAX,0,3.09,0,0,FEDERATED STRATEGIC VALUE DIVIFEDERATED                     
04/27/20,Interest,EQ,#2145605,0,0.02,0,0,EXTENDED INSURANCE SWEEP      DEPOSIT ACCOUNT               
04/27/20,Transfer,UNKNOWN, ,0,349,0,0,ACH DEPOSIT                   REFID:43915902482;
04/20/20,Transfer,UNKNOWN, ,0,349,0,0,ACH DEPOSIT                   REFID:43389184482;
04/13/20,Transfer,UNKNOWN, ,0,349,0,0,ACH DEPOSIT                   REFID:42816222482;
04/13/20,Direct Debit,UNKNOWN, ,0,-799.56,0,0,ACHDEBIT                      CHASE CREDIT CRD              
04/08/20,Sold,MF,ETGLX,-28.451,1000.34,35.16,0,EVENTIDE GILEAD N             EVENTIDE FUNDS                
04/06/20,Transfer,UNKNOWN, ,0,349,0,0,ACH DEPOSIT                   REFID:42322031482;
03/31/20,Dividend,MF,PYVLX,0.303,-4.39,0,0,PAYDEN EQUITY INCOME          PAYDENFUNDS                   
03/31/20,Dividend,MF,SVAAX,0.931,-4.03,0,0,FEDERATED STRATEGIC VALUE DIVIFEDERATED                     
03/31/20,Dividend,MF,PYVLX,0,4.39,0,0,PAYDEN EQUITY INCOME          PAYDENFUNDS                   
03/31/20,Dividend,MF,SVAAX,0,4.03,0,0,FEDERATED STRATEGIC VALUE DIVIFEDERATED                     
03/31/20,Transfer,UNKNOWN, ,0,-2000,0,0,TRANSFER TO XXXXXX2340        REFID:41903996482;
03/30/20,Transfer,UNKNOWN, ,0,349,0,0,ACH DEPOSIT                   REFID:41756212482;
03/26/20,Interest,EQ,#2145605,0,0.01,0,0,EXTENDED INSURANCE SWEEP      DEPOSIT ACCOUNT               
03/23/20,Transfer,UNKNOWN, ,0,349,0,0,ACH DEPOSIT                   REFID:41090171482;
03/16/20,Sold,MF,PGRTX,-9.268,100,10.79,0,PRINCIPAL SMALLCAP GROWTH I INPrincipal Funds               
03/16/20,Sold,MF,PYVLX,-6.601,100,15.15,0,PAYDEN EQUITY INCOME          PAYDENFUNDS                   
03/16/20,Sold,MF,SFLNX,-7.143,100,14,0,SCHWAB FUNDAMENTAL US LARGE COSCHWAB FUNDS                  
03/16/20,Dividend,MF,SEEKX,0.122,-4.47,0,0,CROSSMARK STEWARD LRG CAP ENH CROSSMARK STEWARD FUNDS       
03/16/20,Dividend,MF,SEEKX,0,4.47,0,0,CROSSMARK STEWARD LRG CAP ENH CROSSMARK STEWARD FUNDS       
03/16/20,Transfer,UNKNOWN, ,0,349,0,0,ACH DEPOSIT                   REFID:40326903482;
03/13/20,Sold,MF,NNTWX,-4.496,100,22.24,0,NICHOLAS II N                 NICHOLAS                      
03/13/20,Sold,MF,NNLEX,-4.675,100,21.39,0,NICHOLAS LIMITED EDITION N    NICHOLAS                      
03/13/20,Sold,MF,NBGEX,-2.092,100,47.79,0,NEUBERGER BERMAN GENESIS TR   NEUBERGER BERMAN              
03/13/20,Sold,MF,AMANX,-2.218,100,45.09,0,AMANA INCOME INVESTOR         AMANA                         
03/13/20,Sold,MF,SEEKX,-2.723,100,36.72,0,CROSSMARK STEWARD LRG CAP ENH CROSSMARK STEWARD FUNDS       
03/13/20,Sold,MF,OBCHX,-8.41,100,11.89,0,OBERWEIS CHINA OPPORTUNITIES  OBERWEIS                      
03/13/20,Sold,MF,WPSGX,-2.689,100,37.19,0,AB CONCENTRATED GROWTH ADVISORALLIANCEBERNSTEIN             
03/13/20,Sold,MF,ETGLX,-3.008,100,33.24,0,EVENTIDE GILEAD N             EVENTIDE FUNDS                
03/13/20,Sold,MF,TMFGX,-4.505,100,22.2,0,MFAM MID CAP GROWTH INV       MOTLEY FOOL                   
03/13/20,Sold,MF,AMAGX,-2.52,100,39.68,0,AMANA GROWTH INVESTOR         AMANA                         
03/11/20,Direct Debit,UNKNOWN, ,0,-598.25,0,0,ACHDEBIT                      CHASE CREDIT CRD              
03/09/20,Bought,MF,RYOCX,2.475,-100,40.41,0,RYDEX NASDAQ-100?? INV         Rydex Funds                  
03/09/20,Bought,MF,BGAFX,3.622,-100,27.61,0,BARON GLOBAL ADVANTAGE RETAIL BARON CAPITAL GROUP           
03/09/20,Bought,MF,DXQLX,3.868,-100,25.8562,0,DIREXION MTHLY NASDAQ-100 BULLDIREXION FUNDS                
03/09/20,Bought,MF,SMPIX,2.265,-100,44.15,0,PROFUNDS SEMICONDUCTOR ULTRASEPROFUNDS                      
03/09/20,Bought,MF,UOPIX,1.372,-100,72.88,0,PROFUNDS ULTRANASDAQ-100 INV  PROFUNDS                      
03/09/20,Bought,MF,ROGSX,3.781,-100,26.45,0,RED OAK TECHNOLOGY SELECT     OAK ASSOCIATES                
03/09/20,Transfer,UNKNOWN, ,0,349,0,0,ACH DEPOSIT                   REFID:39569470482;
03/09/20,Transfer,UNKNOWN, ,0,1401.18,0,0,TRANSFER FROM XXXXXX2340      REFID:39636781482;
03/06/20,Bought,MF,ROGSX,7.038,-200.01,28.42,0,RED OAK TECHNOLOGY SELECT     OAK ASSOCIATES                
03/06/20,Bought,MF,UOPIX,2.367,-200,84.49,0,PROFUNDS ULTRANASDAQ-100 INV  PROFUNDS                      
03/06/20,Bought,MF,SMPIX,3.959,-200,50.52,0,PROFUNDS SEMICONDUCTOR ULTRASEPROFUNDS                      
03/06/20,Bought,MF,DXQLX,6.681,-200,29.9371,0,DIREXION MTHLY NASDAQ-100 BULLDIREXION FUNDS                
03/06/20,Transfer,UNKNOWN, ,0,102,0,0,TRANSFER FROM XXXXXX2340      REFID:39445798482;
03/05/20,Bought,MF,BGAFX,9.817,-300,30.56,0,BARON GLOBAL ADVANTAGE RETAIL BARON CAPITAL GROUP           
03/05/20,Bought,MF,RYOCX,11.338,-500,44.1,0,RYDEX NASDAQ-100?? INV         Rydex Funds                  
03/05/20,Bought,MF,BGAFX,3.272,-100,30.56,0,BARON GLOBAL ADVANTAGE RETAIL BARON CAPITAL GROUP           
03/05/20,Bought,MF,MFEGX,0.843,-100,118.6,0,MFS GROWTH A                  MFS                           
03/05/20,Sold,MF,ETGLX,-2.515,100,39.76,0,EVENTIDE GILEAD N             EVENTIDE FUNDS                
03/05/20,Sold,MF,OBCHX,-7.831,100,12.77,0,OBERWEIS CHINA OPPORTUNITIES  OBERWEIS                      
03/05/20,Bought,MF,ROGSX,3.455,-100,28.94,0,RED OAK TECHNOLOGY SELECT     OAK ASSOCIATES                
03/05/20,Bought,MF,SMPIX,1.917,-100,52.17,0,PROFUNDS SEMICONDUCTOR ULTRASEPROFUNDS                      
03/05/20,Transfer,UNKNOWN, ,0,1000,0,0,TRANSFER FROM XXXXXX2340      REFID:39353723482;
03/04/20,Bought,MF,UOPIX,2.685,-250,93.1,0,PROFUNDS ULTRANASDAQ-100 INV  PROFUNDS                      
03/04/20,Bought,MF,BMGAX,9.318,-250,26.83,0,BLACKROCK MID-CAP GROWTH EQUITBLACKROCK                     
03/04/20,Bought,MF,ROGSX,8.361,-250,29.9,0,RED OAK TECHNOLOGY SELECT     OAK ASSOCIATES                
03/04/20,Bought,MF,DXQLX,7.607,-250,32.8626,0,DIREXION MTHLY NASDAQ-100 BULLDIREXION FUNDS                
03/03/20,Transfer,UNKNOWN, ,0,1000,0,0,TRANSFER FROM XXXXXX2340      REFID:39203459482;
03/02/20,Transfer,UNKNOWN, ,0,349,0,0,ACH DEPOSIT                   REFID:39034528482;
02/28/20,Dividend,MF,SVAAX,0.967,-5.02,0,0,FEDERATED STRATEGIC VALUE DIVIFEDERATED                     
02/28/20,Dividend,MF,SVAAX,0,5.02,0,0,FEDERATED STRATEGIC VALUE DIVIFEDERATED                     
02/24/20,Bought,MF,BMGAX,3.993,-110.21,27.6,0,BLACKROCK MID-CAP GROWTH EQUITBLACKROCK                     
02/24/20,Interest,EQ,#2145605,0,0.01,0,0,EXTENDED INSURANCE SWEEP      DEPOSIT ACCOUNT               
02/24/20,Transfer,UNKNOWN, ,0,349,0,0,ACH DEPOSIT                   REFID:38460937482;
02/21/20,Bought,MF,PRMTX,0.735,-100,136.04,0,T. ROWE PRICE COMM & TECH INVET. ROWE PRICE                 
02/21/20,Bought,MF,MFEGX,0.778,-100,128.53,0,MFS GROWTH A                  MFS                           
02/21/20,Bought,MF,BMGAX,3.519,-100,28.42,0,BLACKROCK MID-CAP GROWTH EQUITBLACKROCK                     
02/21/20,Bought,MF,FKDNX,1.029,-100,97.17,0,FRANKLIN DYNATECH A           FRANKLIN TEMPLETON INVESTMENTS
02/19/20,Bought,MF,MFEGX,7.613,-1000,131.36,0,MFS GROWTH A                  MFS                           
02/19/20,Bought,MF,FKDNX,10.011,-1000,99.89,0,FRANKLIN DYNATECH A           FRANKLIN TEMPLETON INVESTMENTS
02/19/20,Bought,MF,BMGAX,34.364,-1000,29.1,0,BLACKROCK MID-CAP GROWTH EQUITBLACKROCK                     
02/18/20,Bought,MF,ROGSX,30.404,-1000,32.89,0,RED OAK TECHNOLOGY SELECT     OAK ASSOCIATES                
02/18/20,Sold,MF,OBCHX,-238.196,3091.79,12.98,0,OBERWEIS CHINA OPPORTUNITIES  OBERWEIS                      
02/18/20,Transfer,UNKNOWN, ,0,349,0,0,ACH DEPOSIT                   REFID:38091222482;
02/11/20,Direct Debit,UNKNOWN, ,0,-577.7,0,0,ACHDEBIT                      CHASE CREDIT CRD              
02/10/20,Transfer,UNKNOWN, ,0,349,0,0,ACH DEPOSIT                   REFID:37633643482;
02/03/20,Bought,MF,UOPIX,1.021,-100,97.99,0,PROFUNDS ULTRANASDAQ-100 INV  PROFUNDS                      
02/03/20,Bought,MF,SMPIX,1.77,-100,56.51,0,PROFUNDS SEMICONDUCTOR ULTRASEPROFUNDS                      
02/03/20,Transfer,UNKNOWN, ,0,349,0,0,ACH DEPOSIT                   REFID:37189945482;
01/31/20,Dividend,MF,SVAAX,0.486,-2.74,0,0,FEDERATED STRATEGIC VALUE DIVIFEDERATED                     
01/31/20,Dividend,MF,SVAAX,0,2.74,0,0,FEDERATED STRATEGIC VALUE DIVIFEDERATED                     
01/27/20,Bought,MF,PRMTX,3.947,-500,126.68,0,T. ROWE PRICE COMM & TECH INVET. ROWE PRICE                 
01/27/20,Interest,EQ,#2145605,0,0.02,0,0,EXTENDED INSURANCE SWEEP      DEPOSIT ACCOUNT               
01/27/20,Transfer,UNKNOWN, ,0,349,0,0,ACH DEPOSIT                   REFID:36776408482;
01/23/20,Bought,MF,BGAFX,33.047,-1000,30.26,0,BARON GLOBAL ADVANTAGE RETAIL BARON CAPITAL GROUP           
01/23/20,Bought,MF,SMPIX,16.287,-1000,61.4,0,PROFUNDS SEMICONDUCTOR ULTRASEPROFUNDS                      
01/23/20,Bought,MF,UOPIX,9.982,-1000,100.18,0,PROFUNDS ULTRANASDAQ-100 INV  PROFUNDS                      
01/23/20,Bought,MF,DXQLX,28.499,-1000,35.0888,0,DIREXION MTHLY NASDAQ-100 BULLDIREXION FUNDS                
01/22/20,Sold,EQ,EES,-30,1133.07,37.77,0,WISDOMTREE TRUST              WISDOMTREE U S SMALLCAP FUND
01/22/20,Sold,MF,OBCHX,-96.306,1248.12,12.96,0,OBERWEIS CHINA OPPORTUNITIES  OBERWEIS                      
01/22/20,Bought,MF,PRMTX,3.86,-500,129.52,0,T. ROWE PRICE COMM & TECH INVET. ROWE PRICE                 
01/21/20,Transfer,UNKNOWN, ,0,349,0,0,ACH DEPOSIT                   REFID:36441960482;
01/17/20,Fee,UNKNOWN, ,0,-49.99,0,0,Early Redemption Fee - OAKBX
01/15/20,Sold,MF,OAKBX,-66.947,1976.28,29.52,0,OAKMARK EQUITY AND INCOME INVEOAKMARK                       
01/13/20,Transfer,UNKNOWN, ,0,349,0,0,ACH DEPOSIT                   REFID:36007056482;
01/13/20,Direct Debit,UNKNOWN, ,0,-537.1,0,0,ACHDEBIT                      CHASE CREDIT CRD              
01/07/20,Dividend,MF,AMANX,0,24.38,0,0,AMANA INCOME INVESTOR         AMANA                         
01/07/20,Dividend,MF,AMAGX,0,13.53,0,0,AMANA GROWTH INVESTOR         AMANA                         
01/07/20,Dividend,MF,AMANX,0.465,-24.38,0,0,AMANA INCOME INVESTOR         AMANA                         
01/07/20,Dividend,MF,AMANX,0.046,-2.43,0,0,AMANA INCOME INVESTOR         AMANA                         
01/07/20,Dividend,MF,AMAGX,0.305,-13.53,0,0,AMANA GROWTH INVESTOR         AMANA                         
01/07/20,Dividend,MF,AMANX,0,2.43,0,0,AMANA INCOME INVESTOR         AMANA                         
01/06/20,Dividend,MF,AMANX,0,-24.38,0,0,AMANA INCOME INVESTOR         AMANA                         
01/06/20,Dividend,MF,AMAGX,0,-13.53,0,0,AMANA GROWTH INVESTOR         AMANA                         
01/06/20,Dividend,MF,AMANX,-0.047,2.43,0,0,AMANA INCOME INVESTOR         AMANA                         
01/06/20,Dividend,MF,AMAGX,-0.306,13.53,0,0,AMANA GROWTH INVESTOR         AMANA                         
01/06/20,Dividend,MF,AMANX,-0.469,24.38,0,0,AMANA INCOME INVESTOR         AMANA                         
01/06/20,Dividend,MF,AMANX,0,-2.43,0,0,AMANA INCOME INVESTOR         AMANA                         
01/06/20,Transfer,UNKNOWN, ,0,349,0,0,ACH DEPOSIT                   REFID:35588194482;
12/31/19,Dividend,MF,PYVLX,0.25,-4.55,0,0,PAYDEN EQUITY INCOME          PAYDENFUNDS                   
12/31/19,Dividend,MF,PYVLX,0,4.55,0,0,PAYDEN EQUITY INCOME          PAYDENFUNDS                   
12/31/19,Direct Debit,UNKNOWN, ,0,-600,0,0,ACH DEBIT  FM E*TRADE         PPD ACH TRNSFR 056073570026551
12/31/19,Transfer,UNKNOWN, ,0,-1000,0,0,ACH WITHDRAWL                 REFID:35223861482;
12/30/19,Dividend,MF,OBCHX,21.137,-260.2,0,0,OBERWEIS CHINA OPPORTUNITIES  OBERWEIS                      
12/30/19,Dividend,MF,NNLEX,3.903,-102.53,0,0,NICHOLAS LIMITED EDITION N    NICHOLAS                      
12/30/19,Transfer,UNKNOWN, ,0,349,0,0,ACH DEPOSIT                   REFID:35173141482;
12/30/19,Dividend,MF,OBCHX,0,260.2,0,0,OBERWEIS CHINA OPPORTUNITIES  OBERWEIS                      
12/30/19,Dividend,MF,NNLEX,0,102.53,0,0,NICHOLAS LIMITED EDITION N    NICHOLAS                      
12/27/19,Dividend,MF,NNTWX,5.773,-159.73,0,0,NICHOLAS II N                 NICHOLAS                      
12/27/19,Dividend,MF,NNTWX,0.064,-1.76,0,0,NICHOLAS II N                 NICHOLAS                      
12/27/19,Dividend,MF,NNTWX,0.034,-0.95,0,0,NICHOLAS II N                 NICHOLAS                      
12/27/19,Dividend,MF,NNTWX,0,1.76,0,0,NICHOLAS II N                 NICHOLAS                      
12/27/19,Dividend,MF,NNTWX,0,0.95,0,0,NICHOLAS II N                 NICHOLAS                      
12/27/19,Dividend,MF,NNTWX,0,159.73,0,0,NICHOLAS II N                 NICHOLAS                      
12/27/19,Dividend,EQ,EES,0,4.43,0,0,WISDOMTREE TRUST              WISDOMTREE U S SMALLCAP FUND  
12/26/19,Interest,EQ,#2145605,0,0.01,0,0,EXTENDED INSURANCE SWEEP      DEPOSIT ACCOUNT               
12/26/19,Fee,UNKNOWN, ,0,-49.99,0,0,Early Redemption Fee - GOBFX
12/24/19,Dividend,MF,PYVLX,1.76,-32.2,0,0,PAYDEN EQUITY INCOME          PAYDENFUNDS                   
12/24/19,Dividend,MF,PYVLX,0.149,-2.72,0,0,PAYDEN EQUITY INCOME          PAYDENFUNDS                   
12/24/19,Dividend,MF,PYVLX,0,2.72,0,0,PAYDEN EQUITY INCOME          PAYDENFUNDS                   
12/24/19,Dividend,MF,PYVLX,0,32.2,0,0,PAYDEN EQUITY INCOME          PAYDENFUNDS                   
12/23/19,Sold,MF,GOBFX,-169.68,1766.37,10.41,0,BRANDYWINEGLOBAL GLOBAL OPP BOLEGG MASON                    
12/23/19,Bought,MF,SVAAX,263.62,-1500,5.69,0,FEDERATED STRATEGIC VALUE DIVIFEDERATED                     
12/23/19,Bought,MF,AMANX,3.791,-200,52.75,0,AMANA INCOME INVESTOR         AMANA                         
12/23/19,Dividend,MF,SFLNX,1.187,-21.06,0,0,SCHWAB FUNDAMENTAL US LARGE COSCHWAB FUNDS                  
12/23/19,Dividend,MF,SFLNX,0.076,-1.34,0,0,SCHWAB FUNDAMENTAL US LARGE COSCHWAB FUNDS                  
12/23/19,Dividend,MF,SFLNX,1.029,-18.25,0,0,SCHWAB FUNDAMENTAL US LARGE COSCHWAB FUNDS                  
12/23/19,Dividend,MF,SEEKX,0.225,-10.44,0,0,CROSSMARK STEWARD LRG CAP ENH CROSSMARK STEWARD FUNDS       
12/23/19,Dividend,MF,SFLNX,0,1.34,0,0,SCHWAB FUNDAMENTAL US LARGE COSCHWAB FUNDS                  
12/23/19,Dividend,MF,SFLNX,0,18.25,0,0,SCHWAB FUNDAMENTAL US LARGE COSCHWAB FUNDS                  
12/23/19,Transfer,UNKNOWN, ,0,349,0,0,ACH DEPOSIT                   REFID:34839671482;
12/23/19,Dividend,MF,SFLNX,0,21.06,0,0,SCHWAB FUNDAMENTAL US LARGE COSCHWAB FUNDS                  
12/23/19,Dividend,MF,SEEKX,0,10.44,0,0,CROSSMARK STEWARD LRG CAP ENH CROSSMARK STEWARD FUNDS       
12/20/19,Dividend,MF,AMAGX,0.306,-13.53,0,0,AMANA GROWTH INVESTOR         AMANA                         
12/20/19,Dividend,MF,AMANX,0.469,-24.38,0,0,AMANA INCOME INVESTOR         AMANA                         
12/20/19,Dividend,MF,PGRTX,7.57,-101.81,0,0,PRINCIPAL SMALLCAP GROWTH I INPrincipal Funds               
12/20/19,Dividend,MF,AMAGX,0.04,-1.76,0,0,AMANA GROWTH INVESTOR         AMANA                         
12/20/19,Dividend,MF,AMANX,0.047,-2.43,0,0,AMANA INCOME INVESTOR         AMANA                         
12/20/19,Dividend,MF,AMAGX,0,1.76,0,0,AMANA GROWTH INVESTOR         AMANA                         
12/20/19,Dividend,MF,AMANX,0,2.43,0,0,AMANA INCOME INVESTOR         AMANA                         
12/20/19,Dividend,MF,PGRTX,0,101.81,0,0,PRINCIPAL SMALLCAP GROWTH I INPrincipal Funds               
12/20/19,Dividend,MF,AMAGX,0,13.53,0,0,AMANA GROWTH INVESTOR         AMANA                         
12/20/19,Dividend,MF,AMANX,0,24.38,0,0,AMANA INCOME INVESTOR         AMANA                         
12/19/19,Dividend,MF,TMFGX,1.779,-44.18,0,0,MFAM MID CAP GROWTH INV       MOTLEY FOOL                   
12/19/19,Dividend,MF,TMFGX,0,44.18,0,0,MFAM MID CAP GROWTH INV       MOTLEY FOOL                   
12/18/19,Bought,EQ,EES,10,-385.1,38.51,0,WISDOMTREE TRUST              WISDOMTREE U S SMALLCAP FUND  
12/18/19,Bought,MF,NBGEX,1.715,-100,58.3,0,NEUBERGER BERMAN GENESIS TR   NEUBERGER BERMAN              
12/18/19,Dividend,MF,ETGLX,1.077,-43.35,0,0,EVENTIDE GILEAD N             EVENTIDE FUNDS                
12/18/19,Dividend,MF,ETGLX,0,43.35,0,0,EVENTIDE GILEAD N             EVENTIDE FUNDS                
12/17/19,Dividend,MF,NBGEX,0.923,-53.55,0,0,NEUBERGER BERMAN GENESIS TR   NEUBERGER BERMAN              
12/17/19,Dividend,MF,NBGEX,0.001,-0.06,0,0,NEUBERGER BERMAN GENESIS TR   NEUBERGER BERMAN              
12/17/19,Dividend,MF,NBGEX,0,0.06,0,0,NEUBERGER BERMAN GENESIS TR   NEUBERGER BERMAN              
12/17/19,Dividend,MF,NBGEX,0,53.55,0,0,NEUBERGER BERMAN GENESIS TR   NEUBERGER BERMAN              
12/16/19,Bought,MF,OAKBX,10.292,-300,29.15,0,OAKMARK EQUITY AND INCOME INVEOAKMARK                       
12/16/19,Bought,MF,RYOCX,4.503,-196.45,43.63,0,RYDEX NASDAQ-100?? INV         Rydex Funds                  
12/16/19,Transfer,UNKNOWN, ,0,349,0,0,ACH DEPOSIT                   REFID:34431647482;
12/13/19,Dividend,MF,OAKBX,3.853,-111.75,0,0,OAKMARK EQUITY AND INCOME INVEOAKMARK                       
12/13/19,Dividend,MF,OAKBX,0.915,-26.54,0,0,OAKMARK EQUITY AND INCOME INVEOAKMARK                       
12/13/19,Dividend,MF,OAKBX,0,26.54,0,0,OAKMARK EQUITY AND INCOME INVEOAKMARK                       
12/13/19,Dividend,MF,OAKBX,0,111.75,0,0,OAKMARK EQUITY AND INCOME INVEOAKMARK                       
12/12/19,Dividend,MF,RYOCX,0.372,-15.93,0,0,RYDEX NASDAQ-100?? INV         Rydex Funds                  
12/12/19,Dividend,MF,WPSGX,0.777,-33.14,0,0,AB CONCENTRATED GROWTH ADVISORALLIANCEBERNSTEIN             
12/12/19,Dividend,MF,RYOCX,0.002,-0.1,0,0,RYDEX NASDAQ-100?? INV         Rydex Funds                  
12/12/19,Dividend,MF,WPSGX,0.024,-1.01,0,0,AB CONCENTRATED GROWTH ADVISORALLIANCEBERNSTEIN             
12/12/19,Dividend,MF,RYOCX,0,0.1,0,0,RYDEX NASDAQ-100?? INV         Rydex Funds                  
12/12/19,Dividend,MF,WPSGX,0,1.01,0,0,AB CONCENTRATED GROWTH ADVISORALLIANCEBERNSTEIN             
12/12/19,Dividend,MF,RYOCX,0,15.93,0,0,RYDEX NASDAQ-100?? INV         Rydex Funds                  
12/12/19,Dividend,MF,WPSGX,0,33.14,0,0,AB CONCENTRATED GROWTH ADVISORALLIANCEBERNSTEIN             
12/11/19,Direct Debit,UNKNOWN, ,0,-752.56,0,0,ACHDEBIT                      CHASE CREDIT CRD              
12/10/19,Bought,MF,RYOCX,2.306,-99.99,43.37,0,RYDEX NASDAQ-100?? INV         Rydex Funds                  
12/09/19,Bought,EQ,EES,3,-113.4,37.8,0,WISDOMTREE TRUST              WISDOMTREE U S SMALLCAP FUND  
12/09/19,Bought,MF,RYOCX,2.303,-100,43.42,0,RYDEX NASDAQ-100?? INV         Rydex Funds                  
12/09/19,Bought,MF,RYOCX,2.726,-118.35,43.42,0,RYDEX NASDAQ-100?? INV         Rydex Funds                  
12/09/19,Bought,MF,GOBFX,9.69,-100,10.32,0,BRANDYWINEGLOBAL GLOBAL OPP BOLEGG MASON                    
12/09/19,Transfer,UNKNOWN, ,0,349,0,0,ACH DEPOSIT                   REFID:34057678482;
12/09/19,Transfer,UNKNOWN, ,0,2500.07,0,0,TRANSFER FROM XXXXXX2340      REFID:34011798482;
12/03/19,Bought,MF,RYOCX,11.666,-500,42.86,0,RYDEX NASDAQ-100?? INV         Rydex Funds                  
12/02/19,Transfer,UNKNOWN, ,0,349,0,0,ACH DEPOSIT                   REFID:33656611482;
11/26/19,Interest,EQ,#2145605,0,0.01,0,0,EXTENDED INSURANCE SWEEP      DEPOSIT ACCOUNT               
11/25/19,Transfer,UNKNOWN, ,0,349,0,0,ACH DEPOSIT                   REFID:33311731482;
11/18/19,Transfer,UNKNOWN, ,0,349,0,0,ACH DEPOSIT                   REFID:32950298482;
11/13/19,Transfer,UNKNOWN, ,0,102.17,0,0,TRANSFER FROM XXXXXX2340      REFID:32689209482;
11/12/19,Transfer,UNKNOWN, ,0,249,0,0,ACH DEPOSIT                   REFID:32612985482;
11/12/19,Direct Debit,UNKNOWN, ,0,-1038.3,0,0,ACHDEBIT                      CHASE CREDIT CRD              
11/04/19,Transfer,UNKNOWN, ,0,249,0,0,ACH DEPOSIT                   REFID:32202625482;
11/04/19,Fee,UNKNOWN, ,0,-1.2,0,0,FOREIGN TRANSACTION FEE       VISA TRAVEL USARMY5L01404077  
11/04/19,ATM,UNKNOWN, ,0,-120.01,0,0,VISA TRAVEL USARMY5L01404077  YADH SA SA                    
10/28/19,Bought,MF,GOBFX,9.671,-100,10.34,0,BRANDYWINEGLOBAL GLOBAL OPP BOLEGG MASON                    
10/28/19,Interest,EQ,#2145605,0,0.01,0,0,EXTENDED INSURANCE SWEEP      DEPOSIT ACCOUNT               
10/28/19,Transfer,UNKNOWN, ,0,249,0,0,ACH DEPOSIT                   REFID:31815066482;
10/21/19,Transfer,UNKNOWN, ,0,249,0,0,ACH DEPOSIT                   REFID:31473663482;
10/15/19,Transfer,UNKNOWN, ,0,249,0,0,ACH DEPOSIT                   REFID:31152358482;
10/11/19,Direct Debit,UNKNOWN, ,0,-942.81,0,0,ACHDEBIT                      CHASE CREDIT CRD              
10/10/19,Direct Debit,UNKNOWN, ,0,-1000,0,0,ACHDEBIT                      CHASE CREDIT CRD              
10/07/19,Transfer,UNKNOWN, ,0,249,0,0,ACH DEPOSIT                   REFID:30780858482;
10/01/19,Bought,EQ,EES,3,-106.05,35.35,0,WISDOMTREE TRUST              WISDOMTREE U S SMALLCAP FUND  
10/01/19,Dividend,MF,GOBFX,0.363,-3.68,0,0,BRANDYWINEGLOBAL GLOBAL OPP BOLEGG MASON                    
10/01/19,Dividend,MF,GOBFX,0,3.68,0,0,BRANDYWINEGLOBAL GLOBAL OPP BOLEGG MASON                    
09/30/19,Dividend,MF,PYVLX,0.395,-7.09,0,0,PAYDEN EQUITY INCOME          PAYDENFUNDS                   
09/30/19,Dividend,MF,PYVLX,0,7.09,0,0,PAYDEN EQUITY INCOME          PAYDENFUNDS                   
09/30/19,Transfer,UNKNOWN, ,0,249,0,0,ACH DEPOSIT                   REFID:30403916482;
09/27/19,Dividend,EQ,EES,0,1.82,0,0,WISDOMTREE TRUST              WISDOMTREE U S SMALLCAP FUND  
09/26/19,Interest,EQ,#2145605,0,0.04,0,0,EXTENDED INSURANCE SWEEP      DEPOSIT ACCOUNT               
09/23/19,Transfer,UNKNOWN, ,0,249,0,0,ACH DEPOSIT                   REFID:30066931482;
09/16/19,Dividend,MF,SEEKX,0.026,-1.15,0,0,CROSSMARK STEWARD LRG CAP ENH CROSSMARK STEWARD FUNDS       
09/16/19,Dividend,MF,SEEKX,0,1.15,0,0,CROSSMARK STEWARD LRG CAP ENH CROSSMARK STEWARD FUNDS       
09/16/19,Transfer,UNKNOWN, ,0,249,0,0,ACH DEPOSIT                   REFID:29718246482;
09/12/19,Direct Debit,UNKNOWN, ,0,-55.12,0,0,ACHDEBIT                      CHASE CREDIT CRD              
09/11/19,Direct Debit,UNKNOWN, ,0,-977.85,0,0,ACHDEBIT                      CHASE CREDIT CRD              
09/09/19,Transfer,UNKNOWN, ,0,249,0,0,ACH DEPOSIT                   REFID:29344143482;
09/09/19,POS,UNKNOWN, ,0,-61,0,0,CHAPARRAL WIREL ESS           575-824-4099 NM US            
09/09/19,POS,UNKNOWN, ,0,-178.77,0,0,GEICO *AUTO  800-841-3000 DC  US                            
09/06/19,POS,UNKNOWN, ,0,-26.87,0,0,CATTLEMANS STEA KHOUSE FABENS TX US                         
09/06/19,POS,UNKNOWN, ,0,-11.99,0,0,AMZN MKTP US*MO 1J755Q0       AMZN.COMBILL WA US            
09/06/19,POS,UNKNOWN, ,0,-10.99,0,0,AMZN MKTP US*6K 22L02S3       AMZN.COMBILL WA US            
09/06/19,POS,UNKNOWN, ,0,-221.48,0,0,TMOBILE*AUTO PA Y 800-937-8997WA US                         
09/04/19,POS,UNKNOWN, ,0,-28.99,0,0,AMZN MKTP US*XG 3TA4HI3       AMZN.COMBILL WA US            
09/03/19,Transfer,UNKNOWN, ,0,249,0,0,ACH DEPOSIT                   REFID:29019465482;
08/26/19,Interest,EQ,#2145605,0,0.05,0,0,EXTENDED INSURANCE SWEEP      DEPOSIT ACCOUNT               
08/26/19,Transfer,UNKNOWN, ,0,249,0,0,ACH DEPOSIT                   REFID:28640571482;
08/19/19,Transfer,UNKNOWN, ,0,249,0,0,ACH DEPOSIT                   REFID:28283813482;
08/12/19,Transfer,UNKNOWN, ,0,249,0,0,ACH DEPOSIT                   REFID:27912842482;
08/12/19,Direct Debit,UNKNOWN, ,0,-1029.99,0,0,ACHDEBIT                      CHASE CREDIT CRD              
08/12/19,Transfer,UNKNOWN, ,0,1000,0,0,TRANSFER FROM XXXXXX2340      REFID:27881032482;
08/05/19,Transfer,UNKNOWN, ,0,249,0,0,ACH DEPOSIT                   REFID:27533718482;
07/29/19,Transfer,UNKNOWN, ,0,449,0,0,ACH DEPOSIT                   REFID:27146418482;
07/26/19,Interest,EQ,#2145605,0,0.14,0,0,EXTENDED INSURANCE SWEEP      DEPOSIT ACCOUNT               
07/22/19,Transfer,UNKNOWN, ,0,449,0,0,ACH DEPOSIT                   REFID:26805811482;
07/17/19,Direct Debit,UNKNOWN, ,0,-2602.87,0,0,ACHDEBIT                      CHASE CREDIT CRD              
07/16/19,Transfer,UNKNOWN, ,0,1500,0,0,TRANSFER FROM XXXXXX2340      REFID:26555651482;
07/15/19,Transfer,UNKNOWN, ,0,449,0,0,ACH DEPOSIT                   REFID:26454006482;
