"Year","Round","WSeed","Winner","WScore","LSeed","Loser","LScore","Rank.x","AdjEM.x","Rank.y","AdjEM.y"
2002,"PI",16,"Siena",81,16,"Alcorn St.",77,174,-1.21,252,-8.71
2002,"1",13,"UNC Wilmington",93,4,"USC",89,65,11.32,12,20.67
2002,"1",12,"Tulsa",71,5,"Marquette",69,41,15.59,11,21.47
2002,"1",12,"Missouri",93,5,"Miami FL",80,29,17.49,39,15.77
2002,"1",11,"Wyoming",73,6,"Gonzaga",66,67,11.01,24,18.51
2002,"1",4,"Kentucky",83,13,"Valparaiso",68,10,22.21,47,13.63
2002,"1",1,"Kansas",70,16,"Holy Cross",59,4,28.99,162,-0.24
2002,"1",2,"Oregon",81,15,"Montana",62,9,22.97,210,-4.51
2002,"1",7,"Wake Forest",83,10,"Pepperdine",74,30,17.35,62,11.72
2002,"1",8,"Stanford",84,9,"Western Kentucky",68,15,20.32,44,14.51
2002,"1",1,"Duke",84,16,"Winthrop",37,1,34.19,219,-5.31
2002,"1",2,"Alabama",86,15,"Florida Atlantic",78,22,18.73,191,-2.5
2002,"1",5,"Indiana",75,12,"Utah",56,6,24.8,45,14.08
2002,"1",8,"Notre Dame",82,9,"Charlotte",63,19,19.27,40,15.73
2002,"1",3,"Arizona",86,14,"UC Santa Barbara",81,13,20.54,77,8.87
2002,"1",4,"Ohio St.",69,13,"Davidson",64,17,19.76,119,3.7
2002,"1",10,"Kent St.",69,7,"Oklahoma St.",61,14,20.39,38,15.8
2002,"1",12,"Creighton",83,5,"Florida",82,59,11.82,7,24.72
2002,"1",11,"Southern Illinois",76,6,"Texas Tech",68,49,13.45,31,17.24
2002,"1",1,"Maryland",85,16,"Siena",70,3,29.25,174,-1.21
2002,"1",2,"Connecticut",78,15,"Hampton",67,18,19.36,116,3.99
2002,"1",3,"Georgia",85,14,"Murray St.",68,25,18.44,146,1.35
2002,"1",7,"North Carolina St.",69,10,"Michigan St.",58,21,19.15,32,16.86
2002,"1",8,"Wisconsin",80,9,"St. John's",70,50,13.22,76,9.06
2002,"1",3,"Mississippi St.",70,14,"McNeese St.",58,26,18.25,100,5.39
2002,"1",4,"Illinois",93,13,"San Diego St.",64,8,23.21,74,9.29
2002,"1",6,"Texas",70,11,"Boston College",57,27,17.69,71,9.97
2002,"1",3,"Pittsburgh",71,14,"Central Connecticut",54,16,19.94,150,0.93
2002,"1",6,"California",82,11,"Penn",75,37,16.03,58,12.23
2002,"1",1,"Cincinnati",90,16,"Boston University",52,2,30.19,194,-2.74
2002,"1",2,"Oklahoma",71,15,"Illinois Chicago",63,5,26.04,118,3.85
2002,"1",7,"Xavier",70,10,"Hawaii",58,23,18.6,51,13.15
2002,"1",8,"UCLA",80,9,"Mississippi",58,35,16.34,34,16.68
2002,"2",10,"Kent St.",71,2,"Alabama",58,14,20.39,22,18.73
2002,"2",12,"Missouri",83,4,"Ohio St.",67,29,17.49,17,19.76
2002,"2",4,"Kentucky",87,12,"Tulsa",82,10,22.21,41,15.59
2002,"2",1,"Kansas",86,8,"Stanford",63,4,28.99,15,20.32
2002,"2",2,"Oregon",92,7,"Wake Forest",87,9,22.97,30,17.35
2002,"2",1,"Duke",84,8,"Notre Dame",77,1,34.19,19,19.27
2002,"2",5,"Indiana",76,13,"UNC Wilmington",67,6,24.8,65,11.32
2002,"2",3,"Arizona",68,11,"Wyoming",60,13,20.54,67,11.01
2002,"2",11,"Southern Illinois",77,3,"Georgia",75,49,13.45,25,18.44
2002,"2",8,"UCLA",105,1,"Cincinnati",101,35,16.34,2,30.19
2002,"2",1,"Maryland",87,8,"Wisconsin",57,3,29.25,50,13.22
2002,"2",2,"Connecticut",77,7,"North Carolina St.",74,18,19.36,21,19.15
2002,"2",4,"Illinois",72,12,"Creighton",60,8,23.21,59,11.82
2002,"2",3,"Pittsburgh",63,6,"California",50,16,19.94,37,16.03
2002,"2",2,"Oklahoma",78,7,"Xavier",65,5,26.04,23,18.6
2002,"2",6,"Texas",68,3,"Mississippi St.",64,27,17.69,26,18.25
2002,"3",10,"Kent St.",78,3,"Pittsburgh",73,14,20.39,16,19.94
2002,"3",5,"Indiana",74,1,"Duke",73,6,24.8,1,34.19
2002,"3",12,"Missouri",82,8,"UCLA",73,29,17.49,35,16.34
2002,"3",2,"Oklahoma",88,3,"Arizona",67,5,26.04,13,20.54
2002,"3",1,"Maryland",78,4,"Kentucky",68,3,29.25,10,22.21
2002,"3",2,"Connecticut",71,11,"Southern Illinois",59,18,19.36,49,13.45
2002,"3",1,"Kansas",73,4,"Illinois",69,4,28.99,8,23.21
2002,"3",2,"Oregon",72,6,"Texas",70,9,22.97,27,17.69
2002,"4",5,"Indiana",81,10,"Kent St.",69,6,24.8,14,20.39
2002,"4",2,"Oklahoma",81,12,"Missouri",75,5,26.04,29,17.49
2002,"4",1,"Maryland",90,2,"Connecticut",82,3,29.25,18,19.36
2002,"4",1,"Kansas",104,2,"Oregon",86,4,28.99,9,22.97
2002,"5",1,"Maryland",97,1,"Kansas",88,3,29.25,4,28.99
2002,"5",5,"Indiana",73,2,"Oklahoma",64,6,24.8,5,26.04
2002,"6",1,"Maryland",64,5,"Indiana",52,3,29.25,6,24.8
2003,"PI",16,"UNC Asheville",92,16,"Texas Southern",84,283,-12.35,260,-10.45
2003,"1",13,"Tulsa",84,4,"Dayton",71,51,13.04,40,14.53
2003,"1",11,"Central Michigan",79,6,"Creighton",73,70,10.01,26,17.54
2003,"1",1,"Oklahoma",71,16,"South Carolina St.",54,9,23.01,244,-8.59
2003,"1",8,"California",76,9,"North Carolina St.",74,47,13.59,50,13.18
2003,"1",3,"Marquette",72,14,"Holy Cross",68,15,21.3,66,10.4
2003,"1",5,"Wisconsin",81,12,"Weber St.",74,12,22.07,76,8.88
2003,"1",6,"Missouri",72,11,"Southern Illinois",71,28,17.32,55,11.76
2003,"1",4,"Stanford",77,13,"San Diego",69,39,14.57,80,8.32
2003,"1",5,"Connecticut",58,12,"BYU",53,22,19.54,24,17.68
2003,"1",1,"Arizona",80,16,"Vermont",51,4,26.8,150,1.57
2003,"1",2,"Kansas",64,15,"Utah St.",61,2,28.62,88,7.41
2003,"1",3,"Duke",67,14,"Colorado St.",57,6,23.75,104,5.96
2003,"1",4,"Illinois",65,13,"Western Kentucky",60,5,24.47,56,11.75
2003,"1",5,"Notre Dame",70,12,"Milwaukee",69,18,20.31,52,12.97
2003,"1",10,"Arizona St.",84,7,"Memphis",71,30,16.49,29,16.72
2003,"1",9,"Gonzaga",74,8,"Cincinnati",69,33,15.58,36,14.69
2003,"1",12,"Butler",47,5,"Mississippi St.",46,31,16.09,14,21.53
2003,"1",2,"Wake Forest",76,15,"East Tennessee St.",73,21,19.87,147,1.75
2003,"1",3,"Syracuse",76,14,"Manhattan",65,8,23.28,68,10.04
2003,"1",4,"Louisville",86,13,"Austin Peay",64,10,22.75,135,2.65
2003,"1",6,"Oklahoma St.",77,11,"Penn",63,25,17.67,48,13.35
2003,"1",1,"Kentucky",95,16,"IUPUI",64,1,29.18,161,0.46
2003,"1",2,"Pittsburgh",87,15,"Wagner",61,3,28.61,179,-1.16
2003,"1",7,"Indiana",67,10,"Alabama",62,41,14.48,38,14.6
2003,"1",1,"Texas",82,16,"UNC Asheville",61,7,23.49,283,-12.35
2003,"1",2,"Florida",85,15,"Sam Houston St.",55,11,22.14,157,0.82
2003,"1",3,"Xavier",71,14,"Troy",59,20,19.88,99,6.15
2003,"1",6,"Maryland",75,11,"UNC Wilmington",73,13,22,37,14.62
2003,"1",7,"Michigan St.",79,10,"Colorado",64,19,20.26,34,15.27
2003,"1",10,"Auburn",65,7,"Saint Joseph's",63,46,13.63,17,20.75
2003,"1",9,"Utah",60,8,"Oregon",58,44,14.04,42,14.25
2003,"1",9,"Purdue",80,8,"LSU",56,27,17.42,23,18.15
2003,"2",1,"Oklahoma",74,8,"California",65,9,23.01,47,13.59
2003,"2",3,"Marquette",101,6,"Missouri",92,15,21.3,28,17.32
2003,"2",5,"Wisconsin",61,13,"Tulsa",60,12,22.07,51,13.04
2003,"2",1,"Arizona",96,9,"Gonzaga",95,4,26.8,33,15.58
2003,"2",2,"Kansas",108,10,"Arizona St.",76,2,28.62,30,16.49
2003,"2",3,"Duke",86,11,"Central Michigan",60,6,23.75,70,10.01
2003,"2",5,"Connecticut",85,4,"Stanford",74,22,19.54,39,14.57
2003,"2",5,"Notre Dame",68,4,"Illinois",60,18,20.31,5,24.47
2003,"2",10,"Auburn",68,2,"Wake Forest",62,46,13.63,21,19.87
2003,"2",12,"Butler",79,4,"Louisville",71,31,16.09,10,22.75
2003,"2",7,"Michigan St.",68,2,"Florida",46,19,20.26,11,22.14
2003,"2",3,"Syracuse",68,6,"Oklahoma St.",56,8,23.28,25,17.67
2003,"2",1,"Kentucky",74,9,"Utah",54,1,29.18,44,14.04
2003,"2",2,"Pittsburgh",74,7,"Indiana",52,3,28.61,41,14.48
2003,"2",1,"Texas",77,9,"Purdue",67,7,23.49,27,17.42
2003,"2",6,"Maryland",77,3,"Xavier",64,13,22,20,19.88
2003,"3",1,"Kentucky",63,5,"Wisconsin",57,1,29.18,12,22.07
2003,"3",1,"Arizona",88,5,"Notre Dame",71,4,26.8,18,20.31
2003,"3",2,"Kansas",69,3,"Duke",65,2,28.62,6,23.75
2003,"3",3,"Marquette",77,2,"Pittsburgh",74,15,21.3,3,28.61
2003,"3",1,"Oklahoma",65,12,"Butler",54,9,23.01,31,16.09
2003,"3",3,"Syracuse",79,10,"Auburn",78,8,23.28,46,13.63
2003,"3",1,"Texas",82,5,"Connecticut",78,7,23.49,22,19.54
2003,"3",7,"Michigan St.",60,6,"Maryland",58,19,20.26,13,22
2003,"4",3,"Marquette",83,1,"Kentucky",69,15,21.3,1,29.18
2003,"4",2,"Kansas",78,1,"Arizona",75,2,28.62,4,26.8
2003,"4",1,"Texas",85,7,"Michigan St.",76,7,23.49,19,20.26
2003,"4",3,"Syracuse",63,1,"Oklahoma",47,8,23.28,9,23.01
2003,"5",2,"Kansas",94,3,"Marquette",61,2,28.62,15,21.3
2003,"5",3,"Syracuse",95,1,"Texas",84,8,23.28,7,23.49
2003,"6",3,"Syracuse",81,2,"Kansas",78,8,23.28,2,28.62
2004,"PI",16,"Florida A&M",72,16,"Lehigh",57,256,-9.35,240,-7.01
2004,"1",12,"Manhattan",75,5,"Florida",60,48,13.38,25,18.26
2004,"1",1,"Saint Joseph's",82,16,"Liberty",63,3,27.66,181,-2.5
2004,"1",4,"Wake Forest",79,13,"VCU",78,15,21.69,81,9.09
2004,"1",8,"Texas Tech",76,9,"Charlotte",73,28,17.11,43,14.25
2004,"1",2,"Gonzaga",76,15,"Valparaiso",49,7,25.34,152,0.53
2004,"1",1,"Duke",96,16,"Alabama St.",61,1,32.33,266,-10.72
2004,"1",3,"Texas",66,14,"Princeton",49,17,21.54,108,4.86
2004,"1",6,"North Carolina",63,11,"Air Force",52,11,23.23,36,15.42
2004,"1",8,"Seton Hall",80,9,"Arizona",76,27,17.35,32,16.18
2004,"1",1,"Stanford",71,16,"UTSA",45,12,22.52,248,-7.69
2004,"1",2,"Connecticut",70,15,"Vermont",53,2,28.3,172,-1.37
2004,"1",4,"Maryland",86,13,"UTEP",83,22,19.81,41,14.69
2004,"1",5,"Syracuse",80,12,"BYU",75,30,16.34,35,15.64
2004,"1",7,"DePaul",76,10,"Dayton",69,58,11.36,74,9.75
2004,"1",8,"Alabama",65,9,"Southern Illinois",64,29,16.5,42,14.33
2004,"1",10,"Nevada",72,7,"Michigan St.",66,20,20.27,34,15.66
2004,"1",12,"Pacific",66,5,"Providence",58,82,8.93,24,18.32
2004,"1",2,"Oklahoma St.",75,15,"Eastern Washington",56,4,27.37,125,3.09
2004,"1",3,"Pittsburgh",53,14,"UCF",44,5,25.91,98,5.91
2004,"1",6,"Wisconsin",76,11,"Richmond",64,6,25.74,38,15.07
2004,"1",7,"Memphis",59,10,"South Carolina",43,33,16.17,39,15.02
2004,"1",1,"Kentucky",96,16,"Florida A&M",76,10,23.35,256,-9.35
2004,"1",3,"Georgia Tech",65,14,"Northern Iowa",60,8,24.69,84,8.78
2004,"1",4,"Kansas",78,13,"Illinois Chicago",53,18,20.89,63,10.39
2004,"1",6,"Boston College",58,11,"Utah",51,37,15.42,45,14.13
2004,"1",2,"Mississippi St.",85,15,"Monmouth",52,14,21.74,194,-3.99
2004,"1",4,"Cincinnati",80,13,"East Tennessee St.",77,16,21.56,85,8.6
2004,"1",5,"Illinois",72,12,"Murray St.",53,13,22.11,61,10.62
2004,"1",7,"Xavier",80,10,"Louisville",70,21,20.16,19,20.44
2004,"1",3,"North Carolina St.",61,14,"Lafayette",52,9,23.98,218,-5.28
2004,"1",3,"North Carolina St.",61,14,"Lafayette",52,9,23.98,67,10.23
2004,"1",6,"Vanderbilt",71,11,"Western Michigan",58,23,18.64,31,16.29
2004,"1",9,"UAB",102,8,"Washington",100,46,13.63,60,10.78
2004,"2",10,"Nevada",91,2,"Gonzaga",72,20,20.27,7,25.34
2004,"2",8,"Alabama",70,1,"Stanford",67,29,16.5,12,22.52
2004,"2",1,"Saint Joseph's",70,8,"Texas Tech",65,3,27.66,28,17.11
2004,"2",4,"Wake Forest",84,12,"Manhattan",80,15,21.69,48,13.38
2004,"2",1,"Duke",90,8,"Seton Hall",62,1,32.33,27,17.35
2004,"2",3,"Texas",78,6,"North Carolina",75,17,21.54,11,23.23
2004,"2",2,"Connecticut",72,7,"DePaul",55,2,28.3,58,11.36
2004,"2",5,"Syracuse",72,4,"Maryland",70,30,16.34,22,19.81
2004,"2",9,"UAB",76,1,"Kentucky",75,46,13.63,10,23.35
2004,"2",7,"Xavier",89,2,"Mississippi St.",74,21,20.16,14,21.74
2004,"2",2,"Oklahoma St.",70,7,"Memphis",53,4,27.37,33,16.17
2004,"2",3,"Pittsburgh",59,6,"Wisconsin",55,5,25.91,6,25.74
2004,"2",3,"Georgia Tech",57,6,"Boston College",54,8,24.69,37,15.42
2004,"2",4,"Kansas",78,12,"Pacific",63,18,20.89,82,8.93
2004,"2",6,"Vanderbilt",75,3,"North Carolina St.",73,23,18.64,9,23.98
2004,"2",5,"Illinois",92,4,"Cincinnati",68,13,22.11,16,21.56
2004,"3",1,"Saint Joseph's",84,4,"Wake Forest",80,3,27.66,15,21.69
2004,"3",2,"Oklahoma St.",63,3,"Pittsburgh",51,4,27.37,5,25.91
2004,"3",2,"Connecticut",73,6,"Vanderbilt",53,2,28.3,23,18.64
2004,"3",8,"Alabama",80,5,"Syracuse",71,29,16.5,30,16.34
2004,"3",7,"Xavier",79,3,"Texas",71,21,20.16,17,21.54
2004,"3",3,"Georgia Tech",72,10,"Nevada",67,8,24.69,20,20.27
2004,"3",4,"Kansas",100,9,"UAB",74,18,20.89,46,13.63
2004,"3",1,"Duke",72,5,"Illinois",62,1,32.33,13,22.11
2004,"4",2,"Connecticut",87,8,"Alabama",71,2,28.3,29,16.5
2004,"4",2,"Oklahoma St.",64,1,"Saint Joseph's",62,4,27.37,3,27.66
2004,"4",3,"Georgia Tech",79,4,"Kansas",71,8,24.69,18,20.89
2004,"4",1,"Duke",66,7,"Xavier",63,1,32.33,21,20.16
2004,"5",2,"Connecticut",79,1,"Duke",78,2,28.3,1,32.33
2004,"5",3,"Georgia Tech",67,2,"Oklahoma St.",65,8,24.69,4,27.37
2004,"6",2,"Connecticut",82,3,"Georgia Tech",73,2,28.3,8,24.69
2005,"PI",16,"Oakland",79,16,"Alabama A&M",69,178,-1.2,278,-12.49
2005,"1",12,"Milwaukee",83,5,"Alabama",73,36,14.69,18,20.51
2005,"1",11,"UAB",82,6,"LSU",68,51,12.51,42,13.8
2005,"1",1,"Illinois",67,16,"Fairleigh Dickinson",55,2,32.68,190,-2.52
2005,"1",3,"Arizona",66,14,"Utah St.",53,13,22.22,21,19.62
2005,"1",4,"Boston College",85,13,"Penn",65,25,18.3,77,9.6
2005,"1",2,"Kentucky",72,15,"Eastern Kentucky",64,9,24.1,143,1.98
2005,"1",3,"Oklahoma",84,14,"Niagara",67,12,22.55,106,5.43
2005,"1",6,"Utah",60,11,"UTEP",54,20,20.33,58,11.62
2005,"1",7,"Cincinnati",76,10,"Iowa",64,19,20.43,27,17.17
2005,"1",1,"Washington",88,16,"Montana",77,14,22.18,194,-2.73
2005,"1",2,"Wake Forest",70,15,"Chattanooga",54,8,24.86,165,0.03
2005,"1",3,"Gonzaga",74,14,"Winthrop",64,26,17.88,108,4.97
2005,"1",6,"Texas Tech",78,11,"UCLA",66,32,15.47,68,10.74
2005,"1",7,"West Virginia",63,10,"Creighton",61,35,15,39,14.33
2005,"1",8,"Pacific",79,9,"Pittsburgh",71,40,14.08,24,18.41
2005,"1",9,"Nevada",61,8,"Texas",57,55,12.11,28,17.01
2005,"1",14,"Bucknell",64,3,"Kansas",63,95,6.69,11,23.08
2005,"1",13,"Vermont",60,4,"Syracuse",57,43,13.53,16,20.98
2005,"1",1,"North Carolina",96,16,"Oakland",68,1,32.77,178,-1.2
2005,"1",2,"Connecticut",77,15,"UCF",71,15,21.94,192,-2.56
2005,"1",4,"Florida",67,13,"Ohio",62,10,23.93,85,8.29
2005,"1",5,"Villanova",55,12,"New Mexico",47,7,25.02,31,15.54
2005,"1",6,"Wisconsin",57,11,"Northern Iowa",52,17,20.81,45,13.36
2005,"1",2,"Oklahoma St.",63,15,"Southeastern Louisiana",50,6,25.02,134,3.2
2005,"1",7,"Southern Illinois",65,10,"Saint Mary's",56,29,16.75,78,9.41
2005,"1",1,"Duke",57,16,"Delaware St.",46,3,27.41,209,-4.95
2005,"1",5,"Michigan St.",89,12,"Old Dominion",81,5,25.67,73,10.04
2005,"1",4,"Louisville",68,13,"Lafayette",62,4,25.78,275,-12.19
2005,"1",4,"Louisville",68,13,"Lafayette",62,4,25.78,74,9.91
2005,"1",5,"Georgia Tech",80,12,"George Washington",68,22,19.23,38,14.41
2005,"1",10,"North Carolina St.",75,7,"Charlotte",63,23,18.93,54,12.15
2005,"1",9,"Iowa St.",64,8,"Minnesota",53,48,13.02,41,14.06
2005,"1",9,"Mississippi St.",93,8,"Stanford",70,34,15.25,69,10.63
2005,"2",12,"Milwaukee",83,4,"Boston College",75,36,14.69,25,18.3
2005,"2",7,"West Virginia",111,2,"Wake Forest",105,35,15,8,24.86
2005,"2",1,"Illinois",71,9,"Nevada",59,2,32.68,55,12.11
2005,"2",3,"Arizona",85,11,"UAB",63,13,22.22,51,12.51
2005,"2",2,"Kentucky",69,7,"Cincinnati",60,9,24.1,19,20.43
2005,"2",1,"Washington",97,8,"Pacific",79,14,22.18,40,14.08
2005,"2",6,"Utah",67,3,"Oklahoma",58,20,20.33,12,22.55
2005,"2",6,"Texas Tech",71,3,"Gonzaga",69,32,15.47,26,17.88
2005,"2",10,"North Carolina St.",65,2,"Connecticut",62,23,18.93,15,21.94
2005,"2",1,"North Carolina",92,9,"Iowa St.",65,1,32.77,48,13.02
2005,"2",6,"Wisconsin",71,14,"Bucknell",62,17,20.81,95,6.69
2005,"2",2,"Oklahoma St.",85,7,"Southern Illinois",77,6,25.02,29,16.75
2005,"2",1,"Duke",63,9,"Mississippi St.",55,3,27.41,34,15.25
2005,"2",5,"Michigan St.",72,13,"Vermont",61,5,25.67,43,13.53
2005,"2",4,"Louisville",76,5,"Georgia Tech",54,4,25.78,22,19.23
2005,"2",5,"Villanova",76,4,"Florida",65,7,25.02,10,23.93
2005,"3",1,"Illinois",77,12,"Milwaukee",63,2,32.68,36,14.69
2005,"3",4,"Louisville",93,1,"Washington",79,4,25.78,14,22.18
2005,"3",3,"Arizona",79,2,"Oklahoma St.",78,13,22.22,6,25.02
2005,"3",7,"West Virginia",65,6,"Texas Tech",60,35,15,32,15.47
2005,"3",5,"Michigan St.",78,1,"Duke",68,5,25.67,3,27.41
2005,"3",1,"North Carolina",67,5,"Villanova",66,1,32.77,7,25.02
2005,"3",6,"Wisconsin",65,10,"North Carolina St.",56,17,20.81,23,18.93
2005,"3",2,"Kentucky",62,6,"Utah",52,9,24.1,20,20.33
2005,"4",1,"Illinois",90,3,"Arizona",89,2,32.68,13,22.22
2005,"4",4,"Louisville",93,7,"West Virginia",85,4,25.78,35,15
2005,"4",5,"Michigan St.",94,2,"Kentucky",88,5,25.67,9,24.1
2005,"4",1,"North Carolina",88,6,"Wisconsin",82,1,32.77,17,20.81
2005,"5",1,"North Carolina",87,5,"Michigan St.",71,1,32.77,5,25.67
2005,"5",1,"Illinois",72,4,"Louisville",57,2,32.68,4,25.78
2005,"6",1,"North Carolina",75,1,"Illinois",70,1,32.77,2,32.68
2006,"PI",16,"Monmouth",71,16,"Hampton",49,164,-0.68,271,-10.4
2006,"1",12,"Montana",87,5,"Nevada",79,87,8.95,37,15.22
2006,"1",12,"Texas A&M",66,5,"Syracuse",58,31,15.9,50,13.15
2006,"1",11,"Milwaukee",82,6,"Oklahoma",74,62,11.86,45,13.99
2006,"1",10,"Alabama",90,7,"Marquette",85,60,12.48,36,15.36
2006,"1",2,"Tennessee",63,15,"Winthrop",61,17,19.44,73,10.27
2006,"1",4,"Illinois",78,13,"Air Force",69,9,23.2,40,14.87
2006,"1",5,"Washington",75,12,"Utah St.",61,15,20.09,69,10.86
2006,"1",7,"Wichita St.",86,10,"Seton Hall",66,26,16.06,86,9.06
2006,"1",3,"Florida",76,14,"South Alabama",50,1,28.28,84,9.28
2006,"1",4,"Boston College",88,13,"Pacific",76,18,18.65,68,10.87
2006,"1",1,"Duke",70,16,"Southern",54,2,27.54,197,-3.4
2006,"1",4,"LSU",80,13,"Iona",64,11,22,65,11.33
2006,"1",8,"George Washington",88,9,"UNC Wilmington",85,43,14.67,42,14.77
2006,"1",2,"UCLA",78,15,"Belmont",44,7,23.4,165,-0.73
2006,"1",3,"Gonzaga",79,14,"Xavier",75,33,15.64,54,12.73
2006,"1",6,"Indiana",87,11,"San Diego St.",83,34,15.53,52,12.78
2006,"1",14,"Northwestern St.",64,3,"Iowa",63,93,7.51,21,18.22
2006,"1",13,"Bradley",77,4,"Kansas",73,25,16.5,8,23.22
2006,"1",11,"George Mason",75,6,"Michigan St.",65,22,18.16,27,16.02
2006,"1",10,"North Carolina St.",58,7,"California",52,30,15.92,47,13.68
2006,"1",1,"Connecticut",72,16,"Albany",59,4,25.44,138,2.63
2006,"1",3,"North Carolina",69,14,"Murray St.",65,10,22.16,89,8.56
2006,"1",8,"Kentucky",69,9,"UAB",64,24,17.13,56,12.65
2006,"1",1,"Villanova",58,16,"Monmouth",45,5,24.59,164,-0.68
2006,"1",2,"Ohio St.",70,15,"Davidson",62,14,20.68,122,4.86
2006,"1",7,"Georgetown",54,10,"Northern Iowa",49,13,21.29,32,15.84
2006,"1",8,"Arizona",94,9,"Wisconsin",75,23,17.23,39,14.94
2006,"1",2,"Texas",60,15,"Penn",52,3,25.79,97,7.3
2006,"1",6,"West Virginia",64,11,"Southern Illinois",46,16,19.49,48,13.6
2006,"1",1,"Memphis",94,16,"Oral Roberts",78,6,23.54,112,5.7
2006,"1",5,"Pittsburgh",79,12,"Kent St.",64,12,21.72,70,10.54
2006,"1",9,"Bucknell",59,8,"Arkansas",55,58,12.56,20,18.47
2006,"2",7,"Wichita St.",80,2,"Tennessee",73,26,16.06,17,19.44
2006,"2",3,"Florida",82,11,"Milwaukee",60,1,28.28,62,11.86
2006,"2",4,"Boston College",69,12,"Montana",56,18,18.65,87,8.95
2006,"2",1,"Duke",74,8,"George Washington",61,2,27.54,43,14.67
2006,"2",4,"LSU",58,12,"Texas A&M",57,11,22,31,15.9
2006,"2",2,"UCLA",62,10,"Alabama",59,7,23.4,60,12.48
2006,"2",3,"Gonzaga",90,6,"Indiana",80,33,15.64,34,15.53
2006,"2",5,"Washington",67,4,"Illinois",64,15,20.09,9,23.2
2006,"2",11,"George Mason",65,3,"North Carolina",60,22,18.16,10,22.16
2006,"2",13,"Bradley",72,5,"Pittsburgh",66,25,16.5,12,21.72
2006,"2",7,"Georgetown",70,2,"Ohio St.",52,13,21.29,14,20.68
2006,"2",1,"Connecticut",87,8,"Kentucky",83,4,25.44,24,17.13
2006,"2",1,"Villanova",82,8,"Arizona",78,5,24.59,23,17.23
2006,"2",2,"Texas",75,10,"North Carolina St.",54,3,25.79,30,15.92
2006,"2",6,"West Virginia",67,14,"Northwestern St.",54,16,19.49,93,7.51
2006,"2",1,"Memphis",72,9,"Bucknell",56,6,23.54,58,12.56
2006,"3",4,"LSU",62,1,"Duke",54,11,22,2,27.54
2006,"3",2,"Texas",74,6,"West Virginia",71,3,25.79,16,19.49
2006,"3",1,"Memphis",80,13,"Bradley",64,6,23.54,25,16.5
2006,"3",2,"UCLA",73,3,"Gonzaga",71,7,23.4,33,15.64
2006,"3",11,"George Mason",63,7,"Wichita St.",55,22,18.16,26,16.06
2006,"3",1,"Connecticut",98,5,"Washington",92,4,25.44,15,20.09
2006,"3",1,"Villanova",60,4,"Boston College",59,5,24.59,18,18.65
2006,"3",3,"Florida",57,7,"Georgetown",53,1,28.28,13,21.29
2006,"4",4,"LSU",70,2,"Texas",60,11,22,3,25.79
2006,"4",2,"UCLA",50,1,"Memphis",45,7,23.4,6,23.54
2006,"4",11,"George Mason",86,1,"Connecticut",84,22,18.16,4,25.44
2006,"4",3,"Florida",75,1,"Villanova",62,1,28.28,5,24.59
2006,"5",2,"UCLA",59,4,"LSU",45,7,23.4,11,22
2006,"5",3,"Florida",73,11,"George Mason",58,1,28.28,22,18.16
2006,"6",3,"Florida",73,2,"UCLA",57,1,28.28,7,23.4
2007,"PI",16,"Niagara",77,16,"Florida A&M",69,186,-2.76,254,-9.57
2007,"1",11,"VCU",79,6,"Duke",77,52,14.55,10,23.3
2007,"1",1,"North Carolina",86,16,"Eastern Kentucky",65,1,31.37,182,-2.58
2007,"1",2,"Georgetown",80,15,"Belmont",55,4,28.48,121,4.38
2007,"1",3,"Washington St.",70,14,"Oral Roberts",54,27,18.87,88,8.36
2007,"1",6,"Vanderbilt",77,11,"George Washington",44,43,16.23,95,7.28
2007,"1",7,"Boston College",84,10,"Texas Tech",75,44,16.18,71,10.98
2007,"1",4,"Maryland",82,13,"Davidson",70,12,22.42,61,13.32
2007,"1",5,"Butler",57,12,"Old Dominion",46,15,21.45,64,12.7
2007,"1",1,"Ohio St.",78,16,"Central Connecticut",57,3,29.33,177,-2.24
2007,"1",3,"Texas A&M",68,14,"Penn",52,7,26.97,92,7.69
2007,"1",6,"Louisville",78,11,"Stanford",58,19,20.35,66,12.37
2007,"1",2,"UCLA",70,15,"Weber St.",42,6,27.15,184,-2.71
2007,"1",3,"Pittsburgh",79,14,"Wright St.",58,11,22.9,100,6.66
2007,"1",7,"Indiana",70,10,"Gonzaga",57,14,21.58,49,15.31
2007,"1",9,"Michigan St.",61,8,"Marquette",49,17,20.97,38,17.18
2007,"1",9,"Xavier",79,8,"BYU",77,32,18.13,46,16.11
2007,"1",11,"Winthrop",74,6,"Notre Dame",64,51,14.81,22,20.02
2007,"1",4,"Texas",79,13,"New Mexico St.",67,25,19.24,96,7.27
2007,"1",5,"USC",77,12,"Arkansas",60,39,16.86,42,16.62
2007,"1",1,"Florida",112,16,"Jackson St.",69,2,30.81,251,-9.48
2007,"1",2,"Wisconsin",76,15,"Texas A&M Corpus Chris",63,8,25.45,91,7.76
2007,"1",3,"Oregon",58,14,"Miami OH",56,18,20.76,87,8.38
2007,"1",7,"UNLV",67,10,"Georgia Tech",63,41,16.83,23,19.61
2007,"1",2,"Memphis",73,15,"North Texas",58,9,24.81,162,-0.98
2007,"1",4,"Virginia",84,13,"Albany",57,48,15.43,138,2.25
2007,"1",5,"Tennessee",121,12,"Long Beach St.",86,31,18.29,113,5.44
2007,"1",7,"Nevada",77,10,"Creighton",71,47,16.09,28,18.53
2007,"1",1,"Kansas",107,16,"Niagara",67,5,27.81,186,-2.76
2007,"1",4,"Southern Illinois",61,13,"Holy Cross",51,16,21.03,93,7.4
2007,"1",5,"Virginia Tech",54,12,"Illinois",52,37,17.38,36,17.5
2007,"1",8,"Kentucky",67,9,"Villanova",58,13,21.73,21,20.11
2007,"1",9,"Purdue",72,8,"Arizona",63,30,18.31,24,19.43
2007,"2",6,"Vanderbilt",78,3,"Washington St.",74,43,16.23,27,18.87
2007,"2",1,"North Carolina",81,9,"Michigan St.",67,1,31.37,17,20.97
2007,"2",2,"Georgetown",62,7,"Boston College",55,4,28.48,44,16.18
2007,"2",1,"Ohio St.",78,9,"Xavier",71,3,29.33,32,18.13
2007,"2",3,"Texas A&M",72,6,"Louisville",69,7,26.97,19,20.35
2007,"2",2,"UCLA",54,7,"Indiana",49,6,27.15,14,21.58
2007,"2",3,"Pittsburgh",84,11,"VCU",79,11,22.9,52,14.55
2007,"2",5,"Butler",62,4,"Maryland",59,15,21.45,12,22.42
2007,"2",7,"UNLV",74,2,"Wisconsin",68,41,16.83,8,25.45
2007,"2",1,"Florida",74,9,"Purdue",67,2,30.81,30,18.31
2007,"2",3,"Oregon",75,11,"Winthrop",61,18,20.76,51,14.81
2007,"2",2,"Memphis",78,7,"Nevada",62,9,24.81,47,16.09
2007,"2",1,"Kansas",88,8,"Kentucky",76,5,27.81,13,21.73
2007,"2",4,"Southern Illinois",63,5,"Virginia Tech",48,16,21.03,37,17.38
2007,"2",5,"USC",87,4,"Texas",68,39,16.86,25,19.24
2007,"2",5,"Tennessee",77,4,"Virginia",74,31,18.29,48,15.43
2007,"3",1,"Ohio St.",85,5,"Tennessee",84,3,29.33,31,18.29
2007,"3",2,"Memphis",65,3,"Texas A&M",64,9,24.81,7,26.97
2007,"3",1,"Kansas",61,4,"Southern Illinois",58,5,27.81,16,21.03
2007,"3",2,"UCLA",64,3,"Pittsburgh",55,6,27.15,11,22.9
2007,"3",1,"North Carolina",74,5,"USC",64,1,31.37,39,16.86
2007,"3",2,"Georgetown",66,6,"Vanderbilt",65,4,28.48,43,16.23
2007,"3",1,"Florida",65,5,"Butler",57,2,30.81,15,21.45
2007,"3",3,"Oregon",76,7,"UNLV",72,18,20.76,41,16.83
2007,"4",1,"Ohio St.",92,2,"Memphis",76,3,29.33,9,24.81
2007,"4",2,"UCLA",68,1,"Kansas",55,6,27.15,5,27.81
2007,"4",1,"Florida",85,3,"Oregon",77,2,30.81,18,20.76
2007,"4",2,"Georgetown",96,1,"North Carolina",84,4,28.48,1,31.37
2007,"5",1,"Florida",76,2,"UCLA",66,2,30.81,6,27.15
2007,"5",1,"Ohio St.",67,2,"Georgetown",60,3,29.33,4,28.48
2007,"6",1,"Florida",84,1,"Ohio St.",75,2,30.81,3,29.33
2008,"PI",16,"Mount St. Mary's",69,16,"Coppin St.",60,173,-1.32,298,-14.41
2008,"1",11,"Kansas St.",80,6,"USC",67,26,18.9,28,18.67
2008,"1",4,"Washington St.",71,13,"Winthrop",40,10,24.32,104,6.38
2008,"1",5,"Notre Dame",68,12,"George Mason",50,24,19.07,80,9.68
2008,"1",1,"Kansas",85,16,"Portland St.",61,1,35.21,112,5.4
2008,"1",3,"Wisconsin",71,14,"Cal St. Fullerton",56,5,26.68,88,8.47
2008,"1",8,"UNLV",71,9,"Kent St.",58,48,13.71,55,13.04
2008,"1",3,"Stanford",77,14,"Cornell",53,12,22.75,123,4.41
2008,"1",4,"Pittsburgh",82,13,"Oral Roberts",63,22,19.91,77,10.27
2008,"1",5,"Michigan St.",72,12,"Temple",61,19,21.15,57,12.37
2008,"1",6,"Marquette",74,11,"Kentucky",66,14,22.16,78,10.01
2008,"1",1,"UCLA",70,16,"Mississippi Valley St.",29,4,29.94,306,-15.21
2008,"1",2,"Duke",71,15,"Belmont",70,6,26.4,129,3.53
2008,"1",3,"Xavier",73,14,"Georgia",61,15,22.05,91,8.08
2008,"1",6,"Purdue",90,11,"Baylor",79,30,18.3,41,14.82
2008,"1",7,"West Virginia",75,10,"Arizona",65,18,21.29,23,19.14
2008,"1",9,"Texas A&M",67,8,"BYU",62,21,19.93,35,15.76
2008,"1",13,"Siena",83,4,"Vanderbilt",62,93,7.99,56,12.65
2008,"1",13,"San Diego",70,4,"Connecticut",69,120,4.64,27,18.9
2008,"1",12,"Villanova",75,5,"Clemson",69,46,14.21,16,22.03
2008,"1",12,"Western Kentucky",101,5,"Drake",99,43,14.6,17,21.46
2008,"1",10,"Davidson",82,7,"Gonzaga",76,11,23.61,25,19.05
2008,"1",1,"North Carolina",113,16,"Mount St. Mary's",74,3,30.22,173,-1.32
2008,"1",2,"Tennessee",72,15,"American",57,13,22.17,150,1.67
2008,"1",3,"Louisville",79,14,"Boise St.",61,8,25.41,126,3.89
2008,"1",6,"Oklahoma",72,11,"Saint Joseph's",64,44,14.47,45,14.32
2008,"1",7,"Butler",81,10,"South Alabama",61,20,19.97,65,11.8
2008,"1",2,"Georgetown",66,15,"UMBC",47,7,25.56,127,3.86
2008,"1",1,"Memphis",87,16,"UT Arlington",63,2,31.51,180,-2.31
2008,"1",2,"Texas",74,15,"Austin Peay",54,9,25.09,168,-0.3
2008,"1",7,"Miami FL",78,10,"Saint Mary's",64,37,15.38,42,14.66
2008,"1",8,"Mississippi St.",76,9,"Oregon",69,33,16.77,36,15.66
2008,"1",9,"Arkansas",86,8,"Indiana",72,40,15.19,29,18.43
2008,"2",7,"West Virginia",73,2,"Duke",67,18,21.29,6,26.4
2008,"2",4,"Washington St.",61,5,"Notre Dame",41,10,24.32,24,19.07
2008,"2",1,"Kansas",75,8,"UNLV",56,1,35.21,48,13.71
2008,"2",3,"Wisconsin",72,11,"Kansas St.",55,5,26.68,26,18.9
2008,"2",3,"Stanford",82,6,"Marquette",81,12,22.75,14,22.16
2008,"2",1,"UCLA",53,9,"Texas A&M",49,4,29.94,21,19.93
2008,"2",3,"Xavier",85,6,"Purdue",78,15,22.05,30,18.3
2008,"2",5,"Michigan St.",65,4,"Pittsburgh",54,19,21.15,22,19.91
2008,"2",10,"Davidson",74,2,"Georgetown",70,11,23.61,7,25.56
2008,"2",1,"North Carolina",108,9,"Arkansas",77,3,30.22,40,15.19
2008,"2",2,"Tennessee",76,7,"Butler",71,13,22.17,20,19.97
2008,"2",3,"Louisville",78,6,"Oklahoma",48,8,25.41,44,14.47
2008,"2",12,"Villanova",84,13,"Siena",72,46,14.21,93,7.99
2008,"2",1,"Memphis",77,8,"Mississippi St.",74,2,31.51,33,16.77
2008,"2",2,"Texas",75,7,"Miami FL",72,9,25.09,37,15.38
2008,"2",12,"Western Kentucky",72,13,"San Diego",63,43,14.6,120,4.64
2008,"3",1,"North Carolina",68,4,"Washington St.",47,3,30.22,10,24.32
2008,"3",1,"UCLA",88,12,"Western Kentucky",78,4,29.94,43,14.6
2008,"3",3,"Xavier",79,7,"West Virginia",75,15,22.05,18,21.29
2008,"3",3,"Louisville",79,2,"Tennessee",60,8,25.41,13,22.17
2008,"3",10,"Davidson",73,3,"Wisconsin",56,11,23.61,5,26.68
2008,"3",1,"Kansas",72,12,"Villanova",57,1,35.21,46,14.21
2008,"3",1,"Memphis",92,5,"Michigan St.",74,2,31.51,19,21.15
2008,"3",2,"Texas",82,3,"Stanford",62,9,25.09,12,22.75
2008,"4",1,"North Carolina",83,3,"Louisville",73,3,30.22,8,25.41
2008,"4",1,"UCLA",76,3,"Xavier",57,4,29.94,15,22.05
2008,"4",1,"Kansas",59,10,"Davidson",57,1,35.21,11,23.61
2008,"4",1,"Memphis",85,2,"Texas",67,2,31.51,9,25.09
2008,"5",1,"Kansas",84,1,"North Carolina",66,1,35.21,3,30.22
2008,"5",1,"Memphis",78,1,"UCLA",63,2,31.51,4,29.94
2008,"6",1,"Kansas",75,1,"Memphis",68,1,35.21,2,31.51
2009,"PI",16,"Morehead St.",58,16,"Alabama St.",43,157,0.76,200,-2.97
2009,"1",12,"Western Kentucky",76,5,"Illinois",72,88,8.1,25,18.72
2009,"1",10,"Michigan",62,7,"Clemson",59,47,14.75,23,19.62
2009,"1",10,"Maryland",84,7,"California",71,55,13.55,30,17.37
2009,"1",2,"Duke",86,15,"Binghamton",62,10,24.31,177,-0.98
2009,"1",3,"Villanova",80,14,"American",67,13,23.89,112,4.7
2009,"1",6,"UCLA",65,11,"VCU",64,12,23.93,54,13.62
2009,"1",7,"Texas",76,10,"Minnesota",62,22,19.65,40,15.43
2009,"1",1,"North Carolina",101,16,"Radford",58,1,31.14,176,-0.86
2009,"1",2,"Oklahoma",82,15,"Morgan St.",54,7,24.59,150,0.99
2009,"1",4,"Gonzaga",77,13,"Akron",64,8,24.51,95,6.9
2009,"1",8,"LSU",75,9,"Butler",71,46,14.86,38,15.78
2009,"1",1,"Connecticut",103,16,"Chattanooga",47,2,29.25,213,-4.04
2009,"1",2,"Memphis",81,15,"Cal St. Northridge",70,4,28.67,108,5.18
2009,"1",4,"Washington",71,13,"Mississippi St.",58,17,22.09,69,11.55
2009,"1",5,"Purdue",61,12,"Northern Iowa",56,18,21.84,83,9.7
2009,"1",9,"Texas A&M",79,8,"BYU",66,45,15.01,21,20.1
2009,"1",13,"Cleveland St.",84,4,"Wake Forest",69,66,11.96,24,18.88
2009,"1",12,"Wisconsin",61,5,"Florida St.",59,29,17.62,39,15.76
2009,"1",12,"Arizona",84,5,"Utah",71,37,15.96,28,17.8
2009,"1",11,"Dayton",68,6,"West Virginia",60,78,10.23,11,24.21
2009,"1",10,"USC",72,7,"Boston College",55,27,18.26,74,11.2
2009,"1",1,"Pittsburgh",72,16,"East Tennessee St.",62,3,28.96,105,5.67
2009,"1",4,"Xavier",77,13,"Portland St.",59,20,20.24,118,4.04
2009,"1",8,"Oklahoma St.",77,9,"Tennessee",75,26,18.33,32,16.48
2009,"1",1,"Louisville",74,16,"Morehead St.",54,5,26.06,157,0.76
2009,"1",2,"Michigan St.",77,15,"Robert Morris",62,9,24.37,146,1.49
2009,"1",3,"Kansas",84,14,"North Dakota St.",74,14,23.83,61,12.29
2009,"1",3,"Syracuse",59,14,"Stephen F. Austin",44,16,22.21,101,6.52
2009,"1",6,"Arizona St.",66,11,"Temple",57,15,23.03,50,14.38
2009,"1",3,"Missouri",78,14,"Cornell",59,6,24.81,107,5.23
2009,"1",6,"Marquette",58,11,"Utah St.",57,19,21.02,44,15.12
2009,"1",9,"Siena",74,8,"Ohio St.",72,67,11.93,34,16.34
2009,"2",2,"Duke",74,7,"Texas",69,10,24.31,22,19.65
2009,"2",3,"Villanova",89,6,"UCLA",69,13,23.89,12,23.93
2009,"2",1,"North Carolina",84,8,"LSU",70,1,31.14,46,14.86
2009,"2",2,"Oklahoma",73,10,"Michigan",63,7,24.59,47,14.75
2009,"2",4,"Gonzaga",83,12,"Western Kentucky",81,8,24.51,88,8.1
2009,"2",1,"Connecticut",92,9,"Texas A&M",66,2,29.25,45,15.01
2009,"2",2,"Memphis",89,10,"Maryland",70,4,28.67,55,13.55
2009,"2",5,"Purdue",76,4,"Washington",74,18,21.84,17,22.09
2009,"2",1,"Pittsburgh",84,8,"Oklahoma St.",76,3,28.96,26,18.33
2009,"2",4,"Xavier",60,12,"Wisconsin",49,20,20.24,29,17.62
2009,"2",1,"Louisville",79,9,"Siena",72,5,26.06,67,11.93
2009,"2",2,"Michigan St.",74,10,"USC",69,9,24.37,27,18.26
2009,"2",3,"Kansas",60,11,"Dayton",43,14,23.83,78,10.23
2009,"2",12,"Arizona",71,13,"Cleveland St.",57,37,15.96,66,11.96
2009,"2",3,"Syracuse",78,6,"Arizona St.",67,16,22.21,15,23.03
2009,"2",3,"Missouri",83,6,"Marquette",79,6,24.81,19,21.02
2009,"3",1,"Pittsburgh",60,4,"Xavier",55,3,28.96,20,20.24
2009,"3",1,"Connecticut",72,5,"Purdue",60,2,29.25,18,21.84
2009,"3",3,"Villanova",77,2,"Duke",54,13,23.89,10,24.31
2009,"3",3,"Missouri",102,2,"Memphis",91,6,24.81,4,28.67
2009,"3",1,"Louisville",103,12,"Arizona",64,5,26.06,37,15.96
2009,"3",2,"Michigan St.",67,3,"Kansas",62,9,24.37,14,23.83
2009,"3",1,"North Carolina",98,4,"Gonzaga",77,1,31.14,8,24.51
2009,"3",2,"Oklahoma",84,3,"Syracuse",71,7,24.59,16,22.21
2009,"4",3,"Villanova",78,1,"Pittsburgh",76,13,23.89,3,28.96
2009,"4",1,"Connecticut",82,3,"Missouri",75,2,29.25,6,24.81
2009,"4",1,"North Carolina",72,2,"Oklahoma",60,1,31.14,7,24.59
2009,"4",2,"Michigan St.",64,1,"Louisville",52,9,24.37,5,26.06
2009,"5",1,"North Carolina",83,3,"Villanova",69,1,31.14,13,23.89
2009,"5",2,"Michigan St.",82,1,"Connecticut",73,9,24.37,2,29.25
2009,"6",1,"North Carolina",89,2,"Michigan St.",72,1,31.14,9,24.37
2010,"PI",16,"Arkansas Pine Bluff",61,16,"Winthrop",44,231,-6.44,225,-5.63
2010,"1",14,"Ohio",97,3,"Georgetown",83,94,8.25,11,22.64
2010,"1",13,"Murray St.",66,4,"Vanderbilt",65,53,15.06,36,17.54
2010,"1",11,"Washington",80,6,"Marquette",78,32,18.19,24,19.65
2010,"1",11,"Old Dominion",51,6,"Notre Dame",50,37,17.51,35,17.71
2010,"1",10,"Saint Mary's",80,7,"Richmond",71,29,18.59,54,15.01
2010,"1",1,"Kentucky",100,16,"East Tennessee St.",71,4,26.54,150,2.47
2010,"1",3,"New Mexico",62,14,"Montana",57,43,16.18,95,8.08
2010,"1",1,"Kansas",90,16,"Lehigh",74,2,31.85,186,-0.97
2010,"1",6,"Tennessee",62,11,"San Diego St.",59,30,18.5,40,16.58
2010,"1",2,"Villanova",73,15,"Robert Morris",70,17,21.24,185,-0.97
2010,"1",3,"Baylor",68,14,"Sam Houston St.",59,8,24.95,100,7.42
2010,"1",2,"Kansas St.",82,15,"North Texas",62,6,25.52,175,-0.47
2010,"1",5,"Butler",77,12,"UTEP",59,12,22.45,42,16.53
2010,"1",7,"BYU",99,10,"Florida",92,10,23.27,50,15.23
2010,"1",9,"Wake Forest",81,8,"Texas",80,58,14.12,19,20.75
2010,"1",9,"Northern Iowa",69,8,"UNLV",66,27,18.87,41,16.56
2010,"1",12,"Cornell",78,5,"Temple",65,46,15.92,21,20.12
2010,"1",10,"Missouri",86,7,"Clemson",78,22,19.99,25,19.28
2010,"1",10,"Georgia Tech",64,7,"Oklahoma St.",59,31,18.22,39,16.72
2010,"1",2,"West Virginia",77,15,"Morgan St.",50,5,25.54,156,1.58
2010,"1",4,"Wisconsin",53,13,"Wofford",49,9,23.56,82,10.12
2010,"1",2,"Ohio St.",68,15,"UC Santa Barbara",51,7,24.99,153,2.11
2010,"1",4,"Maryland",89,13,"Houston",77,13,22.37,88,8.79
2010,"1",5,"Michigan St.",70,12,"New Mexico St.",67,20,20.13,112,6.03
2010,"1",1,"Duke",73,16,"Arkansas Pine Bluff",44,1,33.29,231,-6.44
2010,"1",4,"Purdue",72,13,"Siena",64,15,22.05,59,13.86
2010,"1",5,"Texas A&M",69,12,"Utah St.",53,16,21.33,23,19.9
2010,"1",8,"California",77,9,"Louisville",62,14,22.15,38,16.91
2010,"1",1,"Syracuse",79,16,"Vermont",56,3,27.62,136,3.08
2010,"1",3,"Pittsburgh",89,14,"Oakland",66,28,18.66,135,3.19
2010,"1",6,"Xavier",65,11,"Minnesota",54,18,20.87,34,17.97
2010,"1",8,"Gonzaga",67,9,"Florida St.",60,44,16.14,33,18.02
2010,"2",11,"Washington",82,3,"New Mexico",64,32,18.19,43,16.18
2010,"2",9,"Northern Iowa",69,1,"Kansas",67,27,18.87,2,31.85
2010,"2",10,"Saint Mary's",75,2,"Villanova",68,29,18.59,17,21.24
2010,"2",1,"Kentucky",90,9,"Wake Forest",60,4,26.54,58,14.12
2010,"2",6,"Tennessee",83,14,"Ohio",68,30,18.5,94,8.25
2010,"2",3,"Baylor",76,11,"Old Dominion",68,8,24.95,37,17.51
2010,"2",2,"Kansas St.",84,7,"BYU",72,6,25.52,10,23.27
2010,"2",5,"Butler",54,13,"Murray St.",52,12,22.45,53,15.06
2010,"2",12,"Cornell",87,4,"Wisconsin",69,46,15.92,9,23.56
2010,"2",6,"Xavier",71,3,"Pittsburgh",68,18,20.87,28,18.66
2010,"2",2,"West Virginia",68,10,"Missouri",59,5,25.54,22,19.99
2010,"2",2,"Ohio St.",75,10,"Georgia Tech",66,7,24.99,31,18.22
2010,"2",1,"Duke",68,8,"California",53,1,33.29,14,22.15
2010,"2",4,"Purdue",63,5,"Texas A&M",61,15,22.05,16,21.33
2010,"2",1,"Syracuse",87,8,"Gonzaga",65,3,27.62,44,16.14
2010,"2",5,"Michigan St.",85,4,"Maryland",83,20,20.13,13,22.37
2010,"3",5,"Butler",63,1,"Syracuse",59,12,22.45,3,27.62
2010,"3",1,"Kentucky",62,12,"Cornell",45,4,26.54,46,15.92
2010,"3",2,"West Virginia",69,11,"Washington",56,5,25.54,32,18.19
2010,"3",2,"Kansas St.",101,6,"Xavier",96,6,25.52,18,20.87
2010,"3",6,"Tennessee",76,2,"Ohio St.",73,30,18.5,7,24.99
2010,"3",5,"Michigan St.",59,9,"Northern Iowa",52,20,20.13,27,18.87
2010,"3",1,"Duke",70,4,"Purdue",57,1,33.29,15,22.05
2010,"3",3,"Baylor",72,10,"Saint Mary's",49,8,24.95,29,18.59
2010,"4",5,"Butler",63,2,"Kansas St.",56,12,22.45,6,25.52
2010,"4",2,"West Virginia",73,1,"Kentucky",66,5,25.54,4,26.54
2010,"4",5,"Michigan St.",70,6,"Tennessee",69,20,20.13,30,18.5
2010,"4",1,"Duke",78,3,"Baylor",71,1,33.29,8,24.95
2010,"5",1,"Duke",78,2,"West Virginia",57,1,33.29,5,25.54
2010,"5",5,"Butler",52,5,"Michigan St.",50,12,22.45,20,20.13
2010,"6",1,"Duke",61,5,"Butler",59,1,33.29,12,22.45
2011,"PI",12,"Clemson",70,12,"UAB",52,25,19.28,62,12.73
2011,"PI",16,"UNC Asheville",81,16,"Arkansas Little Rock",77,276,-11.43,281,-11.99
2011,"PI",16,"UTSA",70,16,"Alabama St.",61,198,-2.1,289,-12.63
2011,"PI",11,"VCU",59,11,"USC",46,56,14.39,77,10.63
2011,"1",13,"Morehead St.",62,4,"Louisville",61,102,7,38,16.91
2011,"1",12,"Richmond",69,5,"Vanderbilt",66,54,15.01,36,17.54
2011,"1",11,"Gonzaga",86,6,"St. John's",71,44,16.14,67,11.97
2011,"1",4,"Kentucky",59,13,"Princeton",57,4,26.54,120,5.29
2011,"1",5,"West Virginia",84,12,"Clemson",76,5,25.54,25,19.28
2011,"1",1,"Pittsburgh",74,16,"UNC Asheville",51,28,18.66,276,-11.43
2011,"1",2,"Florida",79,15,"UC Santa Barbara",51,50,15.23,153,2.11
2011,"1",3,"BYU",74,14,"Wofford",66,10,23.27,82,10.12
2011,"1",4,"Wisconsin",72,13,"Belmont",58,9,23.56,132,3.67
2011,"1",5,"Kansas St.",73,12,"Utah St.",68,6,25.52,23,19.9
2011,"1",7,"UCLA",78,10,"Michigan St.",76,117,5.48,20,20.13
2011,"1",8,"Butler",60,9,"Old Dominion",58,12,22.45,37,17.51
2011,"1",2,"San Diego St.",68,15,"Northern Colorado",50,40,16.58,125,4.82
2011,"1",3,"Connecticut",81,14,"Bucknell",52,51,15.19,246,-7.96
2011,"1",6,"Cincinnati",78,11,"Missouri",63,68,11.92,22,19.99
2011,"1",7,"Temple",66,10,"Penn St.",64,21,20.12,101,7.04
2011,"1",11,"Marquette",66,6,"Xavier",55,24,19.65,18,20.87
2011,"1",11,"VCU",74,6,"Georgetown",56,56,14.39,11,22.64
2011,"1",5,"Arizona",77,12,"Memphis",75,87,8.83,49,15.24
2011,"1",10,"Florida St.",57,7,"Texas A&M",50,33,18.02,16,21.33
2011,"1",1,"Ohio St.",75,16,"UTSA",46,7,24.99,198,-2.1
2011,"1",2,"North Carolina",102,15,"LIU Brooklyn",87,61,13.39,270,-10.97
2011,"1",3,"Syracuse",77,14,"Indiana St.",60,3,27.62,138,3.02
2011,"1",7,"Washington",68,10,"Georgia",65,32,18.19,91,8.68
2011,"1",8,"George Mason",61,9,"Villanova",57,162,0.91,17,21.24
2011,"1",1,"Kansas",72,16,"Boston University",53,2,31.85,133,3.51
2011,"1",2,"Notre Dame",69,15,"Akron",56,35,17.71,121,5.2
2011,"1",3,"Purdue",65,14,"Saint Peter's",43,15,22.05,176,-0.49
2011,"1",1,"Duke",87,16,"Hampton",45,1,33.29,228,-6.21
2011,"1",4,"Texas",85,13,"Oakland",81,19,20.75,135,3.19
2011,"1",8,"Michigan",75,9,"Tennessee",45,70,11.48,30,18.5
2011,"1",9,"Illinois",73,8,"UNLV",62,57,14.38,41,16.56
2011,"2",8,"Butler",71,1,"Pittsburgh",70,12,22.45,28,18.66
2011,"2",4,"Kentucky",71,5,"West Virginia",63,4,26.54,5,25.54
2011,"2",2,"Florida",73,7,"UCLA",65,50,15.23,117,5.48
2011,"2",3,"BYU",89,11,"Gonzaga",67,10,23.27,44,16.14
2011,"2",4,"Wisconsin",70,5,"Kansas St.",65,9,23.56,6,25.52
2011,"2",12,"Richmond",65,13,"Morehead St.",48,54,15.01,102,7
2011,"2",2,"San Diego St.",71,7,"Temple",64,40,16.58,21,20.12
2011,"2",3,"Connecticut",69,6,"Cincinnati",58,51,15.19,68,11.92
2011,"2",11,"Marquette",66,3,"Syracuse",62,24,19.65,3,27.62
2011,"2",10,"Florida St.",71,2,"Notre Dame",57,33,18.02,35,17.71
2011,"2",11,"VCU",94,3,"Purdue",76,56,14.39,15,22.05
2011,"2",5,"Arizona",70,4,"Texas",69,87,8.83,19,20.75
2011,"2",1,"Ohio St.",98,8,"George Mason",66,7,24.99,162,0.91
2011,"2",2,"North Carolina",86,7,"Washington",83,61,13.39,32,18.19
2011,"2",1,"Kansas",73,9,"Illinois",59,2,31.85,57,14.38
2011,"2",1,"Duke",73,8,"Michigan",71,1,33.29,70,11.48
2011,"3",8,"Butler",61,4,"Wisconsin",54,12,22.45,9,23.56
2011,"3",2,"Florida",83,3,"BYU",74,50,15.23,10,23.27
2011,"3",5,"Arizona",93,1,"Duke",77,87,8.83,1,33.29
2011,"3",3,"Connecticut",74,2,"San Diego St.",67,51,15.19,40,16.58
2011,"3",4,"Kentucky",62,1,"Ohio St.",60,4,26.54,7,24.99
2011,"3",2,"North Carolina",81,11,"Marquette",63,61,13.39,24,19.65
2011,"3",1,"Kansas",77,12,"Richmond",57,2,31.85,54,15.01
2011,"3",11,"VCU",72,10,"Florida St.",71,56,14.39,33,18.02
2011,"4",8,"Butler",74,2,"Florida",71,12,22.45,50,15.23
2011,"4",3,"Connecticut",65,5,"Arizona",63,51,15.19,87,8.83
2011,"4",11,"VCU",71,1,"Kansas",61,56,14.39,2,31.85
2011,"4",4,"Kentucky",76,2,"North Carolina",69,4,26.54,61,13.39
2011,"5",3,"Connecticut",56,4,"Kentucky",55,51,15.19,4,26.54
2011,"5",8,"Butler",70,11,"VCU",62,12,22.45,56,14.39
2011,"6",3,"Connecticut",53,8,"Butler",41,51,15.19,12,22.45
2012,"PI",16,"Western Kentucky",59,16,"Mississippi Valley St.",58,193,-2.67,237,-6.3
2012,"PI",14,"BYU",78,14,"Iona",72,50,12.79,54,12.26
2012,"PI",12,"South Florida",65,12,"California",54,48,13.13,29,16.37
2012,"PI",16,"Vermont",71,16,"Lamar",59,118,5.17,108,6.33
2012,"1",12,"VCU",62,5,"Wichita St.",59,46,13.45,11,22.36
2012,"1",11,"Colorado",68,6,"UNLV",64,81,8.89,37,14.97
2012,"1",1,"Syracuse",72,16,"UNC Asheville",65,5,26.04,114,5.5
2012,"1",2,"Ohio St.",78,15,"Loyola MD",59,2,30.07,129,3.91
2012,"1",4,"Wisconsin",73,13,"Montana",49,8,24.09,104,6.76
2012,"1",5,"Vanderbilt",79,12,"Harvard",70,16,20.9,41,14.34
2012,"1",7,"Gonzaga",77,10,"West Virginia",54,21,18.39,44,13.56
2012,"1",8,"Kansas St.",70,9,"Southern Miss",64,23,17.52,68,10.83
2012,"1",1,"Kentucky",81,16,"Western Kentucky",66,1,32.59,193,-2.67
2012,"1",3,"Baylor",68,14,"South Dakota St.",60,13,21.29,61,11.62
2012,"1",4,"Indiana",79,13,"New Mexico St.",66,9,22.55,65,11.22
2012,"1",8,"Iowa St.",77,9,"Connecticut",64,26,16.69,38,14.53
2012,"1",3,"Marquette",88,14,"BYU",68,18,20.22,50,12.79
2012,"1",4,"Louisville",69,13,"Davidson",62,17,20.67,71,10.65
2012,"1",5,"New Mexico",75,12,"Long Beach St.",68,20,19.45,36,15.27
2012,"1",6,"Murray St.",58,11,"Colorado St.",41,35,15.34,88,8.17
2012,"1",15,"Lehigh",75,2,"Duke",70,79,9.29,19,19.7
2012,"1",15,"Norfolk St.",86,2,"Missouri",84,183,-1.82,7,25.28
2012,"1",13,"Ohio",65,4,"Michigan",60,57,11.88,22,17.52
2012,"1",12,"South Florida",58,5,"Temple",44,48,13.13,39,14.49
2012,"1",11,"North Carolina St.",79,6,"San Diego St.",65,43,14.22,66,11.16
2012,"1",10,"Purdue",72,7,"Saint Mary's",69,30,16.25,34,15.48
2012,"1",10,"Xavier",67,7,"Notre Dame",63,53,12.59,42,14.22
2012,"1",3,"Florida St.",66,14,"St. Bonaventure",63,24,17.14,60,11.78
2012,"1",6,"Cincinnati",65,11,"Texas",59,31,16.03,32,15.9
2012,"1",1,"North Carolina",77,16,"Vermont",58,6,25.44,118,5.17
2012,"1",2,"Kansas",65,15,"Detroit",50,4,26.91,115,5.48
2012,"1",3,"Georgetown",74,14,"Belmont",59,15,21.05,25,16.96
2012,"1",8,"Creighton",58,9,"Alabama",57,28,16.47,27,16.69
2012,"1",1,"Michigan St.",89,16,"LIU Brooklyn",67,3,27.87,162,0.75
2012,"1",7,"Florida",71,10,"Virginia",45,10,22.47,33,15.85
2012,"1",9,"Saint Louis",61,8,"Memphis",54,14,21.2,12,21.9
2012,"2",1,"Syracuse",75,8,"Kansas St.",59,5,26.04,23,17.52
2012,"2",2,"Ohio St.",73,7,"Gonzaga",66,2,30.07,21,18.39
2012,"2",4,"Wisconsin",60,5,"Vanderbilt",57,8,24.09,16,20.9
2012,"2",1,"Kentucky",87,8,"Iowa St.",71,1,32.59,26,16.69
2012,"2",3,"Baylor",80,11,"Colorado",63,13,21.29,81,8.89
2012,"2",4,"Indiana",63,12,"VCU",61,9,22.55,46,13.45
2012,"2",3,"Marquette",62,6,"Murray St.",53,18,20.22,35,15.34
2012,"2",4,"Louisville",59,5,"New Mexico",56,17,20.67,20,19.45
2012,"2",11,"North Carolina St.",66,3,"Georgetown",63,43,14.22,15,21.05
2012,"2",6,"Cincinnati",62,3,"Florida St.",56,31,16.03,24,17.14
2012,"2",1,"North Carolina",87,8,"Creighton",73,6,25.44,28,16.47
2012,"2",2,"Kansas",63,10,"Purdue",60,4,26.91,30,16.25
2012,"2",10,"Xavier",70,15,"Lehigh",58,53,12.59,79,9.29
2012,"2",1,"Michigan St.",65,9,"Saint Louis",61,3,27.87,14,21.2
2012,"2",7,"Florida",84,15,"Norfolk St.",50,10,22.47,183,-1.82
2012,"2",13,"Ohio",62,12,"South Florida",56,57,11.88,48,13.13
2012,"3",7,"Florida",68,3,"Marquette",58,10,22.47,18,20.22
2012,"3",4,"Louisville",57,1,"Michigan St.",44,17,20.67,3,27.87
2012,"3",1,"Syracuse",64,4,"Wisconsin",63,5,26.04,8,24.09
2012,"3",2,"Ohio St.",81,6,"Cincinnati",66,2,30.07,31,16.03
2012,"3",1,"North Carolina",73,13,"Ohio",65,6,25.44,57,11.88
2012,"3",2,"Kansas",60,11,"North Carolina St.",57,4,26.91,43,14.22
2012,"3",1,"Kentucky",102,4,"Indiana",90,1,32.59,9,22.55
2012,"3",3,"Baylor",75,10,"Xavier",70,13,21.29,53,12.59
2012,"4",4,"Louisville",72,7,"Florida",68,17,20.67,10,22.47
2012,"4",2,"Ohio St.",77,1,"Syracuse",70,2,30.07,5,26.04
2012,"4",1,"Kentucky",82,3,"Baylor",70,1,32.59,13,21.29
2012,"4",2,"Kansas",80,1,"North Carolina",67,4,26.91,6,25.44
2012,"5",1,"Kentucky",69,4,"Louisville",61,1,32.59,17,20.67
2012,"5",2,"Kansas",64,2,"Ohio St.",62,4,26.91,2,30.07
2012,"6",1,"Kentucky",67,2,"Kansas",59,1,32.59,4,26.91
2013,"PI",11,"Saint Mary's",67,11,"Middle Tennessee",54,21,19.33,44,14.77
2013,"PI",16,"North Carolina A&T",73,16,"Liberty",72,227,-5.3,266,-9.38
2013,"PI",16,"James Madison",68,16,"LIU Brooklyn",55,182,-0.92,192,-2.13
2013,"PI",13,"La Salle",80,13,"Boise St.",71,50,13.89,54,13.54
2013,"1",14,"Harvard",68,3,"New Mexico",62,93,7.07,23,19.02
2013,"1",12,"California",64,5,"UNLV",61,56,13.11,38,16.07
2013,"1",12,"Oregon",68,5,"Oklahoma St.",55,35,16.78,24,18.69
2013,"1",3,"Marquette",59,14,"Davidson",58,26,18.32,66,11.36
2013,"1",4,"Syracuse",81,13,"Montana",34,9,24.83,145,2.14
2013,"1",6,"Butler",68,11,"Bucknell",56,42,15.41,58,12.72
2013,"1",1,"Louisville",79,16,"North Carolina A&T",48,1,32.92,227,-5.3
2013,"1",3,"Michigan St.",65,14,"Valparaiso",54,10,24.17,65,11.42
2013,"1",4,"Saint Louis",64,13,"New Mexico St.",44,19,20.01,88,7.68
2013,"1",6,"Memphis",54,11,"Saint Mary's",52,37,16.33,21,19.33
2013,"1",8,"Colorado St.",84,9,"Missouri",72,22,19.12,25,18.53
2013,"1",4,"Michigan",71,13,"South Dakota St.",56,4,27.86,96,6.79
2013,"1",5,"VCU",88,12,"Akron",42,18,20.28,62,11.52
2013,"1",1,"Gonzaga",64,16,"Southern",58,5,27.81,162,0.5
2013,"1",6,"Arizona",81,11,"Belmont",64,14,21.88,43,14.92
2013,"1",9,"Wichita St.",73,8,"Pittsburgh",55,17,20.31,11,24.08
2013,"1",15,"Florida Gulf Coast",78,2,"Georgetown",68,105,6.27,16,21.24
2013,"1",13,"La Salle",63,4,"Kansas St.",61,50,13.89,27,18.16
2013,"1",12,"Mississippi",57,5,"Wisconsin",46,34,16.95,12,22.57
2013,"1",11,"Minnesota",83,6,"UCLA",63,20,19.85,46,14.53
2013,"1",10,"Iowa St.",76,7,"Notre Dame",58,30,17.63,36,16.65
2013,"1",1,"Indiana",83,16,"James Madison",62,3,29.31,182,-0.92
2013,"1",2,"Miami FL",78,15,"Pacific",49,13,22.37,128,3.96
2013,"1",7,"Illinois",57,10,"Colorado",49,39,15.82,45,14.62
2013,"1",2,"Duke",73,15,"Albany",61,6,26.98,150,1.36
2013,"1",7,"Creighton",67,10,"Cincinnati",63,15,21.75,40,15.57
2013,"1",1,"Kansas",64,16,"Western Kentucky",57,8,25.23,173,-0.41
2013,"1",3,"Florida",79,14,"Northwestern St.",47,2,31.18,138,2.82
2013,"1",7,"San Diego St.",70,10,"Oklahoma",55,31,17.43,51,13.8
2013,"1",8,"North Carolina",78,9,"Villanova",71,32,17.14,53,13.57
2013,"1",2,"Ohio St.",95,15,"Iona",70,7,25.42,89,7.45
2013,"1",9,"Temple",76,8,"North Carolina St.",72,59,12.67,33,16.99
2013,"2",12,"Oregon",74,4,"Saint Louis",57,35,16.78,19,20.01
2013,"2",9,"Wichita St.",76,1,"Gonzaga",70,17,20.31,5,27.81
2013,"2",3,"Marquette",74,6,"Butler",72,26,18.32,42,15.41
2013,"2",4,"Syracuse",66,12,"California",60,9,24.83,56,13.11
2013,"2",1,"Louisville",82,8,"Colorado St.",56,1,32.92,22,19.12
2013,"2",3,"Michigan St.",70,6,"Memphis",48,10,24.17,37,16.33
2013,"2",4,"Michigan",78,5,"VCU",53,4,27.86,18,20.28
2013,"2",6,"Arizona",74,14,"Harvard",51,14,21.88,93,7.07
2013,"2",15,"Florida Gulf Coast",81,7,"San Diego St.",71,105,6.27,31,17.43
2013,"2",1,"Indiana",58,9,"Temple",52,3,29.31,59,12.67
2013,"2",2,"Miami FL",63,7,"Illinois",59,13,22.37,39,15.82
2013,"2",2,"Duke",66,7,"Creighton",50,6,26.98,15,21.75
2013,"2",1,"Kansas",70,8,"North Carolina",58,8,25.23,32,17.14
2013,"2",3,"Florida",78,11,"Minnesota",64,2,31.18,20,19.85
2013,"2",2,"Ohio St.",78,10,"Iowa St.",75,7,25.42,30,17.63
2013,"2",13,"La Salle",76,12,"Mississippi",74,50,13.89,34,16.95
2013,"3",4,"Syracuse",61,1,"Indiana",50,9,24.83,3,29.31
2013,"3",2,"Ohio St.",73,6,"Arizona",70,7,25.42,14,21.88
2013,"3",9,"Wichita St.",72,13,"La Salle",58,17,20.31,50,13.89
2013,"3",3,"Marquette",71,2,"Miami FL",61,26,18.32,13,22.37
2013,"3",4,"Michigan",87,1,"Kansas",85,4,27.86,8,25.23
2013,"3",1,"Louisville",77,12,"Oregon",69,1,32.92,35,16.78
2013,"3",2,"Duke",71,3,"Michigan St.",61,6,26.98,10,24.17
2013,"3",3,"Florida",62,15,"Florida Gulf Coast",50,2,31.18,105,6.27
2013,"4",9,"Wichita St.",70,2,"Ohio St.",66,17,20.31,7,25.42
2013,"4",4,"Syracuse",55,3,"Marquette",39,9,24.83,26,18.32
2013,"4",1,"Louisville",85,2,"Duke",63,1,32.92,6,26.98
2013,"4",4,"Michigan",79,3,"Florida",59,4,27.86,2,31.18
2013,"5",1,"Louisville",72,9,"Wichita St.",68,1,32.92,17,20.31
2013,"5",4,"Michigan",61,4,"Syracuse",56,4,27.86,9,24.83
2013,"6",1,"Louisville",82,4,"Michigan",76,1,32.92,4,27.86
2014,"PI",12,"North Carolina St.",74,12,"Xavier",59,62,11.6,52,13.11
2014,"PI",16,"Albany",71,16,"Mount St. Mary's",64,181,-1.04,209,-3.96
2014,"PI",11,"Tennessee",78,11,"Iowa",65,10,23.69,22,20.44
2014,"PI",16,"Cal Poly",81,16,"Texas Southern",69,176,-0.82,259,-7.49
2014,"1",12,"Harvard",61,5,"Cincinnati",57,32,17.58,27,19.24
2014,"1",12,"North Dakota St.",80,5,"Oklahoma",75,61,11.76,30,17.9
2014,"1",11,"Dayton",60,6,"Ohio St.",59,42,14.25,19,21.3
2014,"1",2,"Villanova",73,15,"Milwaukee",53,11,23.68,168,0.08
2014,"1",4,"Michigan St.",93,13,"Delaware",78,9,23.92,106,5.83
2014,"1",7,"Connecticut",89,10,"Saint Joseph's",81,15,22.13,55,12.93
2014,"1",2,"Michigan",57,15,"Wofford",40,12,23.44,192,-1.94
2014,"1",4,"Louisville",71,13,"Manhattan",64,1,30.41,74,10.21
2014,"1",5,"Saint Louis",83,12,"North Carolina St.",80,35,15.72,62,11.6
2014,"1",7,"Texas",87,10,"Arizona St.",85,41,14.52,39,14.82
2014,"1",1,"Florida",67,16,"Albany",55,3,28.57,181,-1.04
2014,"1",3,"Syracuse",77,14,"Western Michigan",53,18,21.62,131,3.36
2014,"1",2,"Wisconsin",75,15,"American",35,5,25.89,120,4.57
2014,"1",4,"San Diego St.",73,13,"New Mexico St.",69,23,20.38,72,10.54
2014,"1",7,"Oregon",87,10,"BYU",68,28,19.02,49,13.77
2014,"1",9,"Pittsburgh",77,8,"Colorado",48,16,21.89,67,11.2
2014,"1",14,"Mercer",78,3,"Duke",71,87,8.34,8,24.25
2014,"1",12,"Stephen F. Austin",77,5,"VCU",75,70,10.83,25,19.8
2014,"1",11,"Tennessee",86,6,"Massachusetts",67,10,23.69,50,13.46
2014,"1",10,"Stanford",58,7,"New Mexico",53,34,16.06,33,17.15
2014,"1",1,"Virginia",70,16,"Coastal Carolina",59,4,26.46,221,-4.98
2014,"1",3,"Iowa St.",93,14,"North Carolina Central",75,20,21.07,92,7.98
2014,"1",6,"North Carolina",79,11,"Providence",77,29,18.44,48,13.81
2014,"1",8,"Memphis",71,9,"George Washington",66,36,15.22,47,13.82
2014,"1",1,"Wichita St.",64,16,"Cal Poly",37,6,25.36,176,-0.82
2014,"1",8,"Kentucky",56,9,"Kansas St.",49,13,22.55,45,14.1
2014,"1",2,"Kansas",80,15,"Eastern Kentucky",69,7,24.6,125,3.96
2014,"1",4,"UCLA",76,13,"Tulsa",59,14,22.53,82,8.93
2014,"1",1,"Arizona",68,16,"Weber St.",59,2,30.11,172,-0.62
2014,"1",3,"Creighton",76,14,"Lafayette",66,17,21.72,113,5.19
2014,"1",3,"Creighton",76,14,"Lafayette",66,17,21.72,245,-6.43
2014,"1",6,"Baylor",74,11,"Nebraska",60,26,19.39,56,12.64
2014,"1",8,"Gonzaga",85,9,"Oklahoma St.",77,24,20.14,21,20.98
2014,"2",11,"Dayton",55,3,"Syracuse",53,42,14.25,18,21.62
2014,"2",7,"Connecticut",77,2,"Villanova",65,15,22.13,11,23.68
2014,"2",4,"Michigan St.",80,12,"Harvard",73,9,23.92,32,17.58
2014,"2",2,"Michigan",79,7,"Texas",65,12,23.44,41,14.52
2014,"2",4,"Louisville",66,5,"Saint Louis",51,1,30.41,35,15.72
2014,"2",1,"Florida",61,9,"Pittsburgh",45,3,28.57,16,21.89
2014,"2",2,"Wisconsin",85,7,"Oregon",77,5,25.89,28,19.02
2014,"2",4,"San Diego St.",63,12,"North Dakota St.",44,23,20.38,61,11.76
2014,"2",10,"Stanford",60,2,"Kansas",57,34,16.06,7,24.6
2014,"2",8,"Kentucky",78,1,"Wichita St.",76,13,22.55,6,25.36
2014,"2",6,"Baylor",85,3,"Creighton",55,26,19.39,17,21.72
2014,"2",1,"Virginia",78,8,"Memphis",60,4,26.46,36,15.22
2014,"2",3,"Iowa St.",85,6,"North Carolina",83,20,21.07,29,18.44
2014,"2",11,"Tennessee",83,14,"Mercer",63,10,23.69,87,8.34
2014,"2",4,"UCLA",77,12,"Stephen F. Austin",60,14,22.53,70,10.83
2014,"2",1,"Arizona",84,8,"Gonzaga",61,2,30.11,24,20.14
2014,"3",1,"Florida",79,4,"UCLA",68,3,28.57,14,22.53
2014,"3",1,"Arizona",70,4,"San Diego St.",64,2,30.11,23,20.38
2014,"3",2,"Wisconsin",69,6,"Baylor",52,5,25.89,26,19.39
2014,"3",11,"Dayton",82,10,"Stanford",72,42,14.25,34,16.06
2014,"3",7,"Connecticut",81,3,"Iowa St.",76,15,22.13,20,21.07
2014,"3",8,"Kentucky",74,4,"Louisville",69,13,22.55,1,30.41
2014,"3",4,"Michigan St.",61,1,"Virginia",59,9,23.92,4,26.46
2014,"3",2,"Michigan",73,11,"Tennessee",71,12,23.44,10,23.69
2014,"4",1,"Florida",62,11,"Dayton",52,3,28.57,42,14.25
2014,"4",2,"Wisconsin",64,1,"Arizona",63,5,25.89,2,30.11
2014,"4",8,"Kentucky",75,2,"Michigan",72,13,22.55,12,23.44
2014,"4",7,"Connecticut",60,4,"Michigan St.",54,15,22.13,9,23.92
2014,"5",7,"Connecticut",63,1,"Florida",53,15,22.13,3,28.57
2014,"5",8,"Kentucky",74,2,"Wisconsin",73,13,22.55,5,25.89
2014,"6",7,"Connecticut",60,8,"Kentucky",54,15,22.13,13,22.55
2015,"PI",16,"Hampton",74,16,"Manhattan",64,251,-7.4,162,0.31
2015,"PI",11,"Mississippi",94,11,"BYU",90,46,13.88,28,16.69
2015,"PI",11,"Dayton",56,11,"Boise St.",55,42,14.24,47,13.85
2015,"PI",16,"Robert Morris",81,16,"North Florida",77,184,-1.39,143,2.26
2015,"1",14,"UAB",60,3,"Iowa St.",59,135,3.06,16,21.49
2015,"1",14,"Georgia St.",57,3,"Baylor",56,68,10.32,14,22.14
2015,"1",11,"UCLA",60,6,"SMU",59,40,14.65,26,17.51
2015,"1",10,"Ohio St.",75,7,"VCU",72,19,20.75,30,16.27
2015,"1",1,"Villanova",93,16,"Lafayette",52,5,30.65,128,3.59
2015,"1",1,"Villanova",93,16,"Lafayette",52,5,30.65,193,-2.14
2015,"1",8,"North Carolina St.",66,9,"LSU",65,32,15.93,49,13.76
2015,"1",1,"Kentucky",79,16,"Hampton",56,1,36.91,251,-7.4
2015,"1",3,"Notre Dame",69,14,"Northeastern",65,9,24.96,117,5.12
2015,"1",6,"Butler",56,11,"Texas",48,20,20.09,24,18.94
2015,"1",8,"Cincinnati",66,9,"Purdue",65,43,14.15,44,13.96
2015,"1",4,"Georgetown",84,13,"Eastern Washington",74,22,19.13,133,3.25
2015,"1",5,"Utah",57,12,"Stephen F. Austin",50,8,27.24,51,13.64
2015,"1",2,"Arizona",93,15,"Texas Southern",72,4,32.36,213,-3.84
2015,"1",4,"North Carolina",67,13,"Harvard",65,10,23.85,75,9.23
2015,"1",5,"Arkansas",56,12,"Wofford",53,29,16.44,96,6.72
2015,"1",6,"Xavier",76,11,"Mississippi",57,21,19.49,46,13.88
2015,"1",11,"Dayton",66,6,"Providence",53,42,14.24,27,16.72
2015,"1",2,"Virginia",79,15,"Belmont",67,6,30.06,142,2.27
2015,"1",3,"Oklahoma",69,14,"Albany",60,11,22.8,131,3.29
2015,"1",4,"Louisville",57,13,"UC Irvine",55,17,21.21,91,7.09
2015,"1",5,"Northern Iowa",71,12,"Wyoming",54,18,20.98,109,5.67
2015,"1",7,"Michigan St.",70,10,"Georgia",63,15,21.72,35,15.09
2015,"1",2,"Kansas",75,15,"New Mexico St.",56,12,22.72,98,6.63
2015,"1",4,"Maryland",65,13,"Valparaiso",62,33,15.68,64,11.13
2015,"1",5,"West Virginia",68,12,"Buffalo",62,25,17.64,58,11.87
2015,"1",7,"Wichita St.",81,10,"Indiana",76,13,22.21,48,13.83
2015,"1",1,"Duke",85,16,"Robert Morris",56,3,32.48,184,-1.39
2015,"1",2,"Gonzaga",86,15,"North Dakota St.",76,7,27.78,152,1.41
2015,"1",7,"Iowa",83,10,"Davidson",52,23,19.02,36,15
2015,"1",8,"San Diego St.",76,9,"St. John's",64,31,15.95,50,13.7
2015,"1",1,"Wisconsin",86,16,"Coastal Carolina",72,2,33.72,140,2.38
2015,"1",8,"Oregon",79,9,"Oklahoma St.",73,45,13.88,38,14.92
2015,"2",8,"North Carolina St.",71,1,"Villanova",68,32,15.93,5,30.65
2015,"2",1,"Kentucky",64,8,"Cincinnati",51,1,36.91,43,14.15
2015,"2",3,"Notre Dame",67,6,"Butler",64,9,24.96,20,20.09
2015,"2",11,"UCLA",92,14,"UAB",75,40,14.65,135,3.06
2015,"2",2,"Arizona",73,10,"Ohio St.",58,4,32.36,19,20.75
2015,"2",4,"North Carolina",87,5,"Arkansas",78,10,23.85,29,16.44
2015,"2",6,"Xavier",75,14,"Georgia St.",67,21,19.49,68,10.32
2015,"2",5,"Utah",75,4,"Georgetown",64,8,27.24,22,19.13
2015,"2",7,"Michigan St.",60,2,"Virginia",54,15,21.72,6,30.06
2015,"2",7,"Wichita St.",78,2,"Kansas",65,13,22.21,12,22.72
2015,"2",3,"Oklahoma",72,11,"Dayton",66,11,22.8,42,14.24
2015,"2",4,"Louisville",66,5,"Northern Iowa",53,17,21.21,18,20.98
2015,"2",1,"Duke",68,8,"San Diego St.",49,3,32.48,31,15.95
2015,"2",2,"Gonzaga",87,7,"Iowa",69,7,27.78,23,19.02
2015,"2",1,"Wisconsin",72,8,"Oregon",65,2,33.72,45,13.88
2015,"2",5,"West Virginia",69,4,"Maryland",59,25,17.64,33,15.68
2015,"3",1,"Kentucky",78,5,"West Virginia",39,1,36.91,25,17.64
2015,"3",3,"Notre Dame",81,7,"Wichita St.",70,9,24.96,13,22.21
2015,"3",1,"Wisconsin",79,4,"North Carolina",72,2,33.72,10,23.85
2015,"3",2,"Arizona",68,6,"Xavier",60,4,32.36,21,19.49
2015,"3",7,"Michigan St.",62,3,"Oklahoma",58,15,21.72,11,22.8
2015,"3",4,"Louisville",75,8,"North Carolina St.",65,17,21.21,32,15.93
2015,"3",1,"Duke",63,5,"Utah",57,3,32.48,8,27.24
2015,"3",2,"Gonzaga",74,11,"UCLA",62,7,27.78,40,14.65
2015,"4",1,"Kentucky",68,3,"Notre Dame",66,1,36.91,9,24.96
2015,"4",1,"Wisconsin",85,2,"Arizona",78,2,33.72,4,32.36
2015,"4",7,"Michigan St.",76,4,"Louisville",70,15,21.72,17,21.21
2015,"4",1,"Duke",66,2,"Gonzaga",52,3,32.48,7,27.78
2015,"5",1,"Duke",81,7,"Michigan St.",61,3,32.48,15,21.72
2015,"5",1,"Wisconsin",71,1,"Kentucky",64,2,33.72,1,36.91
2015,"6",1,"Duke",68,1,"Wisconsin",63,3,32.48,2,33.72
2016,"PI",16,"Florida Gulf Coast",96,16,"Fairleigh Dickinson",65,162,-0.08,280,-10.63
2016,"PI",11,"Wichita St.",70,11,"Vanderbilt",50,13,22.53,25,18.76
2016,"PI",11,"Michigan",67,11,"Tulsa",62,50,14.15,65,11.5
2016,"PI",16,"Holy Cross",59,16,"Southern",55,285,-11.39,229,-5.75
2016,"1",12,"Arkansas Little Rock",85,5,"Purdue",83,56,13.24,9,23.85
2016,"1",12,"Yale",79,5,"Baylor",75,47,14.33,24,19.06
2016,"1",11,"Gonzaga",68,6,"Seton Hall",52,21,20.82,29,18.27
2016,"1",11,"Wichita St.",65,6,"Arizona",55,13,22.53,19,20.97
2016,"1",1,"North Carolina",83,16,"Florida Gulf Coast",67,2,29.82,162,-0.08
2016,"1",4,"Kentucky",85,13,"Stony Brook",57,6,25.14,94,8.13
2016,"1",5,"Indiana",99,12,"Chattanooga",74,11,23.05,109,6.5
2016,"1",1,"Virginia",81,16,"Hampton",45,4,29.64,248,-7.4
2016,"1",3,"Utah",80,14,"Fresno St.",69,33,16.79,108,6.63
2016,"1",4,"Iowa St.",94,13,"Iona",81,20,20.95,104,7.13
2016,"1",1,"Kansas",105,16,"Austin Peay",79,3,29.67,217,-5.1
2016,"1",3,"Miami FL",79,14,"Buffalo",72,15,22.44,138,2.95
2016,"1",4,"Duke",93,13,"UNC Wilmington",85,17,21.87,83,9.21
2016,"1",9,"Providence",70,8,"USC",69,44,14.49,49,14.25
2016,"1",9,"Butler",71,8,"Texas Tech",61,30,17.27,54,13.78
2016,"1",9,"Connecticut",74,8,"Colorado",67,26,18.71,57,12.91
2016,"1",15,"Middle Tennessee",90,2,"Michigan St.",81,119,4.76,5,27.97
2016,"1",14,"Stephen F. Austin",70,3,"West Virginia",56,41,15.62,8,24.45
2016,"1",13,"Hawaii",77,4,"California",66,60,12.16,28,18.32
2016,"1",11,"Northern Iowa",75,6,"Texas",72,67,11.13,39,16.19
2016,"1",10,"Syracuse",70,7,"Dayton",51,27,18.57,59,12.63
2016,"1",10,"VCU",75,7,"Oregon St.",67,31,17.07,64,11.65
2016,"1",2,"Xavier",71,15,"Weber St.",53,14,22.52,142,2.45
2016,"1",6,"Notre Dame",70,11,"Michigan",63,36,16.6,50,14.15
2016,"1",7,"Wisconsin",47,10,"Pittsburgh",43,38,16.55,37,16.6
2016,"1",2,"Villanova",86,15,"UNC Asheville",56,1,32.01,131,3.44
2016,"1",5,"Maryland",79,12,"South Dakota St.",74,22,20.25,80,9.57
2016,"1",7,"Iowa",72,10,"Temple",70,23,20.24,86,8.82
2016,"1",1,"Oregon",91,16,"Holy Cross",52,12,22.68,285,-11.39
2016,"1",2,"Oklahoma",82,15,"Cal St. Bakersfield",68,10,23.78,110,6.26
2016,"1",3,"Texas A&M",92,14,"Green Bay",65,18,21.26,127,3.74
2016,"1",8,"Saint Joseph's",78,9,"Cincinnati",76,43,15.37,32,17.06
2016,"2",11,"Gonzaga",82,3,"Utah",59,21,20.82,33,16.79
2016,"2",1,"North Carolina",85,9,"Providence",66,2,29.82,44,14.49
2016,"2",1,"Virginia",77,9,"Butler",69,4,29.64,30,17.27
2016,"2",4,"Iowa St.",78,12,"Arkansas Little Rock",61,20,20.95,56,13.24
2016,"2",1,"Kansas",73,9,"Connecticut",61,3,29.67,26,18.71
2016,"2",3,"Miami FL",65,11,"Wichita St.",57,15,22.44,13,22.53
2016,"2",4,"Duke",71,12,"Yale",64,17,21.87,47,14.33
2016,"2",5,"Indiana",73,4,"Kentucky",67,11,23.05,6,25.14
2016,"2",7,"Wisconsin",66,2,"Xavier",63,38,16.55,14,22.52
2016,"2",6,"Notre Dame",76,14,"Stephen F. Austin",75,36,16.6,41,15.62
2016,"2",10,"Syracuse",75,15,"Middle Tennessee",50,27,18.57,119,4.76
2016,"2",2,"Villanova",87,7,"Iowa",68,1,32.01,23,20.24
2016,"2",5,"Maryland",73,13,"Hawaii",60,22,20.25,60,12.16
2016,"2",1,"Oregon",69,8,"Saint Joseph's",64,12,22.68,43,15.37
2016,"2",2,"Oklahoma",85,10,"VCU",81,10,23.78,31,17.07
2016,"2",3,"Texas A&M",92,11,"Northern Iowa",88,18,21.26,67,11.13
2016,"3",1,"Kansas",79,5,"Maryland",63,3,29.67,22,20.25
2016,"3",2,"Villanova",92,3,"Miami FL",69,1,32.01,15,22.44
2016,"3",1,"Oregon",82,4,"Duke",68,12,22.68,17,21.87
2016,"3",2,"Oklahoma",77,3,"Texas A&M",63,10,23.78,18,21.26
2016,"3",1,"North Carolina",101,5,"Indiana",86,2,29.82,11,23.05
2016,"3",6,"Notre Dame",61,7,"Wisconsin",56,36,16.6,38,16.55
2016,"3",1,"Virginia",84,4,"Iowa St.",71,4,29.64,20,20.95
2016,"3",10,"Syracuse",63,11,"Gonzaga",60,27,18.57,21,20.82
2016,"4",2,"Villanova",64,1,"Kansas",59,1,32.01,3,29.67
2016,"4",2,"Oklahoma",80,1,"Oregon",68,10,23.78,12,22.68
2016,"4",10,"Syracuse",68,1,"Virginia",62,27,18.57,4,29.64
2016,"4",1,"North Carolina",88,6,"Notre Dame",74,2,29.82,36,16.6
2016,"5",1,"North Carolina",83,10,"Syracuse",66,2,29.82,27,18.57
2016,"5",2,"Villanova",95,2,"Oklahoma",51,1,32.01,10,23.78
2016,"6",2,"Villanova",77,1,"North Carolina",74,1,32.01,2,29.82
2017,"PI",11,"Kansas St.",95,11,"Wake Forest",88,30,17.44,36,16.25
2017,"PI",16,"Mount St. Mary's",67,16,"New Orleans",66,209,-3.86,178,-0.52
2017,"PI",16,"UC Davis",67,16,"North Carolina Central",63,218,-4.41,161,0.36
2017,"PI",11,"USC",75,11,"Providence",71,53,13.45,60,12.43
2017,"1",12,"Middle Tennessee",81,5,"Minnesota",72,43,14.95,37,16
2017,"1",11,"Xavier",76,6,"Maryland",65,31,16.7,46,14.34
2017,"1",5,"Notre Dame",60,12,"Princeton",58,27,19.74,58,12.61
2017,"1",5,"Virginia",76,12,"UNC Wilmington",71,12,24.29,59,12.46
2017,"1",4,"Butler",76,13,"Winthrop",64,25,20.76,113,4.53
2017,"1",1,"Gonzaga",66,16,"San Diego St.",46,1,32.05,78,8.99
2017,"1",4,"West Virginia",86,13,"Bucknell",80,7,27.17,76,9.38
2017,"1",4,"Florida",80,13,"East Tennessee St.",65,5,27.5,67,11.1
2017,"1",8,"Northwestern",68,9,"Vanderbilt",66,38,15.81,33,16.53
2017,"1",1,"Villanova",76,16,"Mount St. Mary's",56,2,29.88,209,-3.86
2017,"1",7,"Saint Mary's",85,10,"VCU",77,15,23.67,48,14.07
2017,"1",4,"Purdue",80,13,"Vermont",70,19,23.12,63,11.67
2017,"1",3,"Florida St.",86,14,"Florida Gulf Coast",80,26,20.06,108,5.07
2017,"1",8,"Wisconsin",84,9,"Virginia Tech",74,21,22.99,50,13.8
2017,"1",5,"Iowa St.",84,12,"Nevada",73,17,23.45,54,13.31
2017,"1",2,"Arizona",100,15,"North Dakota",82,18,23.31,168,0.04
2017,"1",11,"USC",66,6,"SMU",65,53,13.45,11,24.73
2017,"1",11,"Rhode Island",84,6,"Creighton",72,34,16.26,28,18.83
2017,"1",10,"Wichita St.",64,7,"Dayton",58,8,26.14,39,15.57
2017,"1",7,"Michigan",92,10,"Oklahoma St.",91,20,23.05,22,22.48
2017,"1",3,"Baylor",91,14,"New Mexico St.",73,13,24.23,84,7.89
2017,"1",8,"Arkansas",77,9,"Seton Hall",71,35,16.25,51,13.63
2017,"1",3,"Oregon",93,14,"Iona",77,10,25.02,117,4.2
2017,"1",2,"Louisville",78,15,"Jacksonville St.",63,9,25.51,157,0.63
2017,"1",1,"North Carolina",103,16,"Texas Southern",64,3,28.22,212,-4.04
2017,"1",1,"Kansas",100,16,"UC Davis",62,6,27.45,218,-4.41
2017,"1",2,"Duke",87,15,"Troy",65,14,24.17,137,2.04
2017,"1",6,"Cincinnati",75,11,"Kansas St.",61,23,22.18,30,17.44
2017,"1",7,"South Carolina",93,10,"Marquette",73,24,20.8,32,16.58
2017,"1",3,"UCLA",97,14,"Kent St.",80,16,23.63,141,1.68
2017,"1",2,"Kentucky",79,15,"Northern Kentucky",70,4,27.72,138,1.91
2017,"1",9,"Michigan St.",78,8,"Miami FL",58,40,15.51,42,15.03
2017,"2",11,"Xavier",91,3,"Florida St.",66,31,16.7,26,20.06
2017,"2",8,"Wisconsin",65,1,"Villanova",62,21,22.99,2,29.88
2017,"2",4,"West Virginia",83,5,"Notre Dame",71,7,27.17,27,19.74
2017,"2",1,"Gonzaga",79,8,"Northwestern",73,1,32.05,38,15.81
2017,"2",4,"Butler",74,12,"Middle Tennessee",65,25,20.76,43,14.95
2017,"2",2,"Arizona",69,7,"Saint Mary's",60,18,23.31,15,23.67
2017,"2",4,"Florida",65,5,"Virginia",39,5,27.5,12,24.29
2017,"2",4,"Purdue",80,5,"Iowa St.",76,19,23.12,17,23.45
2017,"2",7,"Michigan",73,2,"Louisville",69,20,23.05,9,25.51
2017,"2",7,"South Carolina",88,2,"Duke",81,24,20.8,14,24.17
2017,"2",2,"Kentucky",65,10,"Wichita St.",62,4,27.72,8,26.14
2017,"2",1,"Kansas",90,9,"Michigan St.",70,6,27.45,40,15.51
2017,"2",1,"North Carolina",72,8,"Arkansas",65,3,28.22,35,16.25
2017,"2",3,"Oregon",75,11,"Rhode Island",72,10,25.02,34,16.26
2017,"2",3,"Baylor",82,11,"USC",78,13,24.23,53,13.45
2017,"2",3,"UCLA",79,6,"Cincinnati",67,16,23.63,23,22.18
2017,"3",11,"Xavier",73,2,"Arizona",71,31,16.7,18,23.31
2017,"3",3,"Oregon",69,7,"Michigan",68,10,25.02,20,23.05
2017,"3",1,"Gonzaga",61,4,"West Virginia",58,1,32.05,7,27.17
2017,"3",1,"Kansas",98,4,"Purdue",66,6,27.45,19,23.12
2017,"3",7,"South Carolina",70,3,"Baylor",50,24,20.8,13,24.23
2017,"3",1,"North Carolina",92,4,"Butler",80,3,28.22,25,20.76
2017,"3",2,"Kentucky",86,3,"UCLA",75,4,27.72,16,23.63
2017,"3",4,"Florida",84,8,"Wisconsin",83,5,27.5,21,22.99
2017,"4",3,"Oregon",74,1,"Kansas",60,10,25.02,6,27.45
2017,"4",1,"Gonzaga",83,11,"Xavier",59,1,32.05,31,16.7
2017,"4",7,"South Carolina",77,4,"Florida",70,24,20.8,5,27.5
2017,"4",1,"North Carolina",75,2,"Kentucky",73,3,28.22,4,27.72
2017,"5",1,"Gonzaga",77,7,"South Carolina",73,1,32.05,24,20.8
2017,"5",1,"North Carolina",77,3,"Oregon",76,3,28.22,10,25.02
2017,"6",1,"North Carolina",71,1,"Gonzaga",65,3,28.22,1,32.05
2018,"PI",16,"Radford",71,16,"LIU Brooklyn",61,170,0.07,259,-8.27
2018,"PI",11,"St. Bonaventure",65,11,"UCLA",58,68,11.21,56,13.52
2018,"PI",16,"Texas Southern",64,16,"North Carolina Central",46,243,-6.65,316,-13.41
2018,"PI",11,"Syracuse",60,11,"Arizona St.",56,41,14.82,49,14.13
2018,"1",3,"Tennessee",73,14,"Wright St.",47,13,22.27,133,2.89
2018,"1",4,"Gonzaga",68,13,"UNC Greensboro",64,10,23.03,82,9.22
2018,"1",7,"Rhode Island",83,10,"Oklahoma",78,52,13.93,48,14.16
2018,"1",1,"Kansas",76,16,"Penn",60,9,23.49,125,3.69
2018,"1",2,"Duke",89,15,"Iona",67,3,28.86,137,2.63
2018,"1",5,"Ohio St.",81,12,"South Dakota St.",73,16,21.16,78,10.2
2018,"1",11,"Loyola Chicago",64,6,"Miami FL",62,31,16.39,37,15.43
2018,"1",8,"Seton Hall",94,9,"North Carolina St.",83,26,18.04,46,14.52
2018,"1",1,"Villanova",87,16,"Radford",61,1,33.76,170,0.07
2018,"1",5,"Kentucky",78,12,"Davidson",73,17,20.44,43,14.7
2018,"1",3,"Texas Tech",70,14,"Stephen F. Austin",60,11,22.59,112,5.58
2018,"1",6,"Houston",67,11,"San Diego St.",65,18,20.24,50,14.09
2018,"1",9,"Alabama",86,8,"Virginia Tech",83,57,13.41,33,16.03
2018,"1",13,"Buffalo",89,4,"Arizona",68,67,11.53,28,17.7
2018,"1",6,"Florida",77,11,"St. Bonaventure",62,22,18.96,68,11.21
2018,"1",3,"Michigan",61,14,"Montana",47,7,24.2,72,10.4
2018,"1",2,"Cincinnati",68,15,"Georgia St.",53,4,26.6,101,6.92
2018,"1",2,"Purdue",74,15,"Cal St. Fullerton",48,5,26.27,162,0.62
2018,"1",13,"Marshall",81,4,"Wichita St.",75,105,6.53,21,19.03
2018,"1",7,"Texas A&M",73,10,"Providence",69,29,16.96,63,12.17
2018,"1",2,"North Carolina",84,15,"Lipscomb",66,8,23.59,167,0.43
2018,"1",10,"Butler",79,7,"Arkansas",62,20,19.05,44,14.69
2018,"1",7,"Nevada",87,10,"Texas",83,25,18.39,36,15.43
2018,"1",5,"West Virginia",85,12,"Murray St.",68,12,22.44,62,12.19
2018,"1",1,"Xavier",102,16,"Texas Southern",83,15,21.51,243,-6.65
2018,"1",3,"Michigan St.",82,14,"Bucknell",78,6,25.41,97,7.31
2018,"1",4,"Auburn",62,13,"Charleston",58,23,18.69,115,5.16
2018,"1",9,"Kansas St.",69,8,"Creighton",59,42,14.77,30,16.91
2018,"1",5,"Clemson",79,12,"New Mexico St.",68,14,21.65,60,12.92
2018,"1",16,"UMBC",74,1,"Virginia",54,166,0.5,2,29.53
2018,"1",11,"Syracuse",57,6,"TCU",52,41,14.82,24,18.47
2018,"1",9,"Florida St.",67,8,"Missouri",54,27,17.77,40,14.83
2018,"2",1,"Villanova",81,9,"Alabama",58,1,33.76,57,13.41
2018,"2",2,"Duke",87,7,"Rhode Island",62,3,28.86,52,13.93
2018,"2",4,"Gonzaga",90,5,"Ohio St.",84,10,23.03,16,21.16
2018,"2",5,"Buffalo",95,13,"Buffalo",75,67,11.53,67,11.53
2018,"2",11,"Loyola Chicago",63,3,"Tennessee",62,31,16.39,13,22.27
2018,"2",1,"Kansas",83,8,"Seton Hall",79,9,23.49,26,18.04
2018,"2",3,"Texas Tech",69,6,"Florida",66,11,22.59,22,18.96
2018,"2",3,"Michigan",64,6,"Houston",63,7,24.2,18,20.24
2018,"2",5,"Clemson",84,4,"Auburn",53,14,21.65,23,18.69
2018,"2",7,"Nevada",75,2,"Cincinnati",73,25,18.39,4,26.6
2018,"2",7,"Texas A&M",86,2,"North Carolina",65,29,16.96,8,23.59
2018,"2",2,"Purdue",76,10,"Butler",73,5,26.27,20,19.05
2018,"2",11,"Syracuse",55,3,"Michigan St.",53,41,14.82,6,25.41
2018,"2",9,"Kansas St.",50,16,"UMBC",43,42,14.77,166,0.5
2018,"2",9,"Florida St.",75,1,"Xavier",70,27,17.77,15,21.51
2018,"2",5,"West Virginia",89,13,"Marshall",62,12,22.44,105,6.53
2018,"3",3,"Michigan",99,7,"Texas A&M",72,7,24.2,29,16.96
2018,"3",11,"Loyola Chicago",69,7,"Nevada",68,31,16.39,25,18.39
2018,"3",9,"Kansas",61,5,"Kentucky",58,9,23.49,17,20.44
2018,"3",9,"Florida St.",75,4,"Gonzaga",60,27,17.77,10,23.03
2018,"3",1,"Villanova",90,5,"West Virginia",78,1,33.76,12,22.44
2018,"3",1,"Kansas",80,5,"Clemson",76,9,23.49,14,21.65
2018,"3",2,"Duke",69,11,"Syracuse",65,3,28.86,41,14.82
2018,"3",3,"Texas Tech",78,2,"Purdue",65,11,22.59,5,26.27
2018,"4",11,"Loyola Chicago",78,9,"Kansas St.",62,31,16.39,42,14.77
2018,"4",3,"Michigan",58,9,"Florida St.",54,7,24.2,27,17.77
2018,"4",1,"Villanova",71,3,"Texas Tech",59,1,33.76,11,22.59
2018,"4",1,"Kansas",85,2,"Duke",81,9,23.49,3,28.86
2018,"5",3,"Michigan",69,11,"Loyola Chicago",57,7,24.2,31,16.39
2018,"5",1,"Villanova",95,1,"Kansas",79,1,33.76,9,23.49
2018,"6",1,"Villanova",79,3,"Michigan",62,1,33.76,7,24.2
2019,"PI",16,"Fairleigh Dickinson",82,16,"Prairie View A&M",76,208,-4.25,209,-4.3
2019,"PI",11,"Belmont",81,11,"Temple",70,54,13.07,76,9.43
2019,"PI",11,"Arizona St.",74,11,"St. John's",65,61,11.2,79,8.74
2019,"PI",16,"Fairleigh Dickinson",82,16,"Prairie View A&M",76,208,-4.25,209,-4.3
2019,"1",10,"Minnesota",86,7,"Louisville",76,47,14.47,17,21.01
2019,"1",3,"LSU",79,14,"Yale",74,18,21,82,8.59
2019,"1",6,"Auburn",78,12,"New Mexico St.",77,15,22.11,49,13.6
2019,"1",4,"Florida St.",76,13,"Vermont",69,14,22.56,80,8.72
2019,"1",2,"Michigan St.",76,15,"Bradley",65,4,31.11,166,-0.36
2019,"1",6,"Maryland",79,11,"Belmont",77,24,19.98,54,13.07
2019,"1",4,"Kansas",87,13,"Northeastern",53,19,20.75,78,8.74
2019,"1",12,"Murray St.",83,5,"Marquette",64,52,13.29,27,18.41
2019,"1",6,"Villanova",61,11,"Saint Mary's",57,26,18.77,31,17.73
2019,"1",10,"Florida",70,7,"Nevada",61,28,18.32,25,18.93
2019,"1",2,"Kentucky",79,15,"Abilene Christian",44,8,27.48,145,2.1
2019,"1",1,"Gonzaga",87,16,"Fairleigh Dickinson",49,2,32.86,208,-4.25
2019,"1",1,"Wofford",84,10,"Seton Hall",68,20,20.72,55,12.9
2019,"1",3,"Purdue",61,14,"Old Dominion",48,10,26.04,111,5.57
2019,"1",2,"Michigan",74,15,"Montana",55,5,29.67,137,3.54
2019,"1",9,"Baylor",78,8,"Syracuse",69,41,15.3,34,16.3
2019,"1",10,"Iowa",79,7,"Cincinnati",72,36,15.95,35,16.16
2019,"1",9,"Oklahoma",95,8,"Mississippi",72,38,15.55,45,15.02
2019,"1",13,"UC Irvine",70,4,"Kansas St.",64,75,9.47,23,20.23
2019,"1",3,"Texas Tech",72,14,"Northern Kentucky",57,9,26.77,100,6.52
2019,"1",2,"Tennessee",77,15,"Colgate",70,7,28.33,129,4.29
2019,"1",1,"Virginia",71,16,"Gardner Webb",56,1,35.65,167,-0.75
2019,"1",6,"Buffalo",91,11,"Arizona St.",74,22,20.33,61,11.2
2019,"1",12,"Oregon",72,5,"Wisconsin",54,43,15.17,12,23.67
2019,"1",9,"UCF",73,8,"VCU",58,46,14.59,37,15.68
2019,"1",12,"Liberty",80,5,"Mississippi St.",76,63,10.8,21,20.66
2019,"1",9,"Washington",78,8,"Utah St.",61,51,13.33,33,16.66
2019,"1",11,"Ohio St.",62,6,"Iowa St.",59,44,15.03,16,21.86
2019,"1",3,"Houston",84,14,"Georgia St.",55,13,23.42,115,5.3
2019,"1",1,"North Carolina",88,16,"Iona",73,6,29.18,197,-3.08
2019,"1",1,"Duke",85,16,"North Dakota St.",62,3,31.97,199,-3.2
2019,"1",4,"Virginia Tech",66,13,"Saint Louis",52,11,24.47,105,6.21
2019,"2",3,"LSU",69,6,"Maryland",67,18,21,24,19.98
2019,"2",2,"Kentucky",62,7,"Wofford",56,8,27.48,20,20.72
2019,"2",2,"Michigan",64,10,"Florida",49,5,29.67,28,18.32
2019,"2",4,"Florida St.",90,12,"Murray St.",62,14,22.56,52,13.29
2019,"2",1,"Gonzaga",83,9,"Baylor",71,2,32.86,41,15.3
2019,"2",2,"Michigan St.",70,10,"Minnesota",50,4,31.11,47,14.47
2019,"2",3,"Purdue",87,6,"Villanova",61,10,26.04,26,18.77
2019,"2",5,"Auburn",89,4,"Kansas",75,15,22.11,19,20.75
2019,"2",2,"Tennessee",83,10,"Iowa",77,7,28.33,36,15.95
2019,"2",1,"North Carolina",81,9,"Washington",59,6,29.18,51,13.33
2019,"2",1,"Duke",77,9,"UCF",76,3,31.97,46,14.59
2019,"2",4,"Virginia Tech",67,12,"Liberty",58,11,24.47,63,10.8
2019,"2",3,"Texas Tech",78,6,"Buffalo",58,9,26.77,22,20.33
2019,"2",1,"Virginia",63,9,"Oklahoma",51,1,35.65,38,15.55
2019,"2",3,"Houston",74,11,"Ohio St.",59,13,23.42,44,15.03
2019,"2",12,"Oregon",73,13,"UC Irvine",54,43,15.17,75,9.47
2019,"3",3,"Purdue",99,2,"Tennessee",94,10,26.04,7,28.33
2019,"3",1,"Gonzaga",72,4,"Florida St.",58,2,32.86,14,22.56
2019,"3",1,"Virginia",53,12,"Oregon",49,1,35.65,43,15.17
2019,"3",3,"Texas Tech",63,2,"Michigan",44,9,26.77,5,29.67
2019,"3",1,"Duke",75,4,"Virginia Tech",73,3,31.97,11,24.47
2019,"3",5,"Auburn",97,1,"North Carolina",80,15,22.11,6,29.18
2019,"3",2,"Michigan St.",80,3,"LSU",63,4,31.11,18,21
2019,"3",2,"Kentucky",62,3,"Houston",58,8,27.48,13,23.42
2019,"4",3,"Texas Tech",75,1,"Gonzaga",69,9,26.77,2,32.86
2019,"4",1,"Virginia",80,3,"Purdue",75,1,35.65,10,26.04
2019,"4",5,"Auburn",77,2,"Kentucky",71,15,22.11,8,27.48
2019,"4",2,"Michigan St.",68,1,"Duke",67,4,31.11,3,31.97
2019,"5",1,"Virginia",63,5,"Auburn",62,1,35.65,15,22.11
2019,"5",3,"Texas Tech",61,2,"Michigan",51,9,26.77,5,29.67
2019,"6",1,"Virginia",85,3,"Texas Tech",77,1,35.65,9,26.77
