GameN,Date,Year,Round,Region,Favored,Seed,Team,Conf,Score,Winner,Result
1,18-Mar-2011,2011,1,A,F,1,Ohio State,Big Ten,75,Ohio State,F
1,18-Mar-2011,2011,1,A,U,16,Texas-San Antonio,CUSA,46,Ohio State,F
2,18-Mar-2011,2011,1,A,F,8,George Mason,A-10,61,George Mason,F
2,18-Mar-2011,2011,1,A,U,9,Villanova,Big East,57,George Mason,F
3,17-Mar-2011,2011,1,A,F,5,West Virginia,Big 12,84,West Virginia,F
3,17-Mar-2011,2011,1,A,U,12,Clemson,ACC,76,West Virginia,F
4,17-Mar-2011,2011,1,A,F,4,Kentucky,SEC,59,Kentucky,F
4,17-Mar-2011,2011,1,A,U,13,Princeton,Ivy,57,Kentucky,F
5,18-Mar-2011,2011,1,A,F,6,Xavier,Big East,66,Marquette,U
5,18-Mar-2011,2011,1,A,U,11,Marquette,Big East,55,Marquette,U
6,18-Mar-2011,2011,1,A,F,3,Syracuse,ACC,77,Syracuse,F
6,18-Mar-2011,2011,1,A,U,14,Indiana State,MVC,60,Syracuse,F
7,18-Mar-2011,2011,1,A,F,7,Washington,Pac-12,68,Washington,F
7,18-Mar-2011,2011,1,A,U,10,Georgia,SEC,65,Washington,F
8,18-Mar-2011,2011,1,A,F,2,North Carolina,ACC,102,North Carolina,F
8,18-Mar-2011,2011,1,A,U,15,Long Island University,NEC,87,North Carolina,F
9,18-Mar-2011,2011,1,B,F,1,Duke,ACC,87,Duke,F
9,18-Mar-2011,2011,1,B,U,16,Hampton,Big South,45,Duke,F
10,18-Mar-2011,2011,1,B,F,8,Michigan,Big Ten,75,Michigan,F
10,18-Mar-2011,2011,1,B,U,9,Tennessee,SEC,45,Michigan,F
11,18-Mar-2011,2011,1,B,F,5,Arizona,Pac-12,77,Arizona,F
11,18-Mar-2011,2011,1,B,U,12,Memphis,AAC,75,Arizona,F
12,18-Mar-2011,2011,1,B,F,4,Texas,Big 12,85,Texas,F
12,18-Mar-2011,2011,1,B,U,13,Oakland,Horizon,81,Texas,F
13,17-Mar-2011,2011,1,B,F,6,Cincinnati,AAC,78,Cincinnati,F
13,17-Mar-2011,2011,1,B,U,11,Missouri,SEC,63,Cincinnati,F
14,17-Mar-2011,2011,1,B,F,3,Connecticut,AAC,81,Connecticut,F
14,17-Mar-2011,2011,1,B,U,14,Bucknell,Patriot,52,Connecticut,F
15,17-Mar-2011,2011,1,B,F,7,Temple,AAC,66,Temple,F
15,17-Mar-2011,2011,1,B,U,10,Penn State,Big Ten,64,Temple,F
16,17-Mar-2011,2011,1,B,F,2,San Diego State,MWC,68,San Diego State,F
16,17-Mar-2011,2011,1,B,U,15,Northern Colorado,Big Sky,50,San Diego State,F
17,18-Mar-2011,2011,1,C,F,1,Kansas,Big 12,72,Kansas,F
17,18-Mar-2011,2011,1,C,U,16,Boston University,Patriot,53,Kansas,F
18,18-Mar-2011,2011,1,C,F,8,Nevada-Las Vegas,MWC,62,Illinois,U
18,18-Mar-2011,2011,1,C,U,9,Illinois,Big Ten,73,Illinois,U
19,17-Mar-2011,2011,1,C,F,5,Vanderbilt,SEC,66,Richmond,U
19,17-Mar-2011,2011,1,C,U,12,Richmond,A-10,69,Richmond,U
20,17-Mar-2011,2011,1,C,F,4,Louisville,ACC,61,Morehead State,U
20,17-Mar-2011,2011,1,C,U,13,Morehead State,OVC,62,Morehead State,U
21,18-Mar-2011,2011,1,C,F,6,Georgetown,Big East,56,Virginia Commonwealth,U
21,18-Mar-2011,2011,1,C,U,11,Virginia Commonwealth,A-10,74,Virginia Commonwealth,U
22,18-Mar-2011,2011,1,C,F,3,Purdue,Big Ten,65,Purdue,F
22,18-Mar-2011,2011,1,C,U,14,Saint Peter's,MAAC,43,Purdue,F
23,18-Mar-2011,2011,1,C,F,7,Texas A&M,SEC,50,Florida State,U
23,18-Mar-2011,2011,1,C,U,10,Florida State,ACC,57,Florida State,U
24,18-Mar-2011,2011,1,C,F,2,Notre Dame,ACC,69,Notre Dame,F
24,18-Mar-2011,2011,1,C,U,15,Akron,MAC (East),56,Notre Dame,F
25,17-Mar-2011,2011,1,D,F,1,Pittsburgh,ACC,74,Pittsburgh,F
25,17-Mar-2011,2011,1,D,U,16,North Carolina-Asheville,Big South,51,Pittsburgh,F
26,17-Mar-2011,2011,1,D,F,8,Butler,Big East,60,Butler,F
26,17-Mar-2011,2011,1,D,U,9,Old Dominion,CUSA,58,Butler,F
27,17-Mar-2011,2011,1,D,F,5,Kansas State,Big 12,73,Kansas State,F
27,17-Mar-2011,2011,1,D,U,12,Utah State,MWC,68,Kansas State,F
28,17-Mar-2011,2011,1,D,F,4,Wisconsin,Big Ten,72,Wisconsin,F
28,17-Mar-2011,2011,1,D,U,13,Belmont,OVC,58,Wisconsin,F
29,17-Mar-2011,2011,1,D,F,6,St. John's (NY),Big East,71,Gonzaga,U
29,17-Mar-2011,2011,1,D,U,11,Gonzaga,WCC,86,Gonzaga,U
30,17-Mar-2011,2011,1,D,F,3,Brigham Young,WCC,74,Brigham Young,F
30,17-Mar-2011,2011,1,D,U,14,Wofford,Southern,66,Brigham Young,F
31,17-Mar-2011,2011,1,D,F,7,UCLA,Pac-12,78,UCLA,F
31,17-Mar-2011,2011,1,D,U,10,Michigan State,Big Ten,76,UCLA,F
32,17-Mar-2011,2011,1,D,F,2,Florida,SEC,79,Florida,F
32,17-Mar-2011,2011,1,D,U,15,UC-Santa Barbara,Big West,51,Florida,F
33,20-Mar-2011,2011,2,A,F,1,Ohio State,Big Ten,98,Ohio State,F
33,20-Mar-2011,2011,2,A,U,8,George Mason,A-10,66,Ohio State,F
34,19-Mar-2011,2011,2,A,F,4,Kentucky,SEC,71,Kentucky,F
34,19-Mar-2011,2011,2,A,U,5,West Virginia,Big 12,63,Kentucky,F
35,20-Mar-2011,2011,2,A,F,3,Syracuse,ACC,62,Marquette,U
35,20-Mar-2011,2011,2,A,U,11,Marquette,Big East,66,Marquette,U
36,20-Mar-2011,2011,2,A,F,2,North Carolina,ACC,86,North Carolina,F
36,20-Mar-2011,2011,2,A,U,7,Washington,Pac-12,83,North Carolina,F
37,20-Mar-2011,2011,2,B,F,1,Duke,ACC,73,Duke,F
37,20-Mar-2011,2011,2,B,U,8,Michigan,Big Ten,71,Duke,F
38,20-Mar-2011,2011,2,B,F,4,Texas,Big 12,69,Arizona,U
38,20-Mar-2011,2011,2,B,U,5,Arizona,Pac-12,70,Arizona,U
39,19-Mar-2011,2011,2,B,F,3,Connecticut,AAC,69,Connecticut,F
39,19-Mar-2011,2011,2,B,U,6,Cincinnati,AAC,58,Connecticut,F
40,19-Mar-2011,2011,2,B,F,2,San Diego State,MWC,71,San Diego State,F
40,19-Mar-2011,2011,2,B,U,7,Temple,AAC,64,San Diego State,F
41,20-Mar-2011,2011,2,C,F,1,Kansas,Big 12,73,Kansas,F
41,20-Mar-2011,2011,2,C,U,9,Illinois,Big Ten,59,Kansas,F
42,19-Mar-2011,2011,2,C,F,12,Richmond,A-10,65,Richmond,F
42,19-Mar-2011,2011,2,C,U,13,Morehead State,OVC,48,Richmond,F
43,20-Mar-2011,2011,2,C,F,3,Purdue,Big Ten,76,Virginia Commonwealth,U
43,20-Mar-2011,2011,2,C,U,11,Virginia Commonwealth,A-10,94,Virginia Commonwealth,U
44,20-Mar-2011,2011,2,C,F,2,Notre Dame,ACC,57,Florida State,U
44,20-Mar-2011,2011,2,C,U,10,Florida State,ACC,71,Florida State,U
45,19-Mar-2011,2011,2,D,F,1,Pittsburgh,ACC,70,Butler,U
45,19-Mar-2011,2011,2,D,U,8,Butler,Big East,71,Butler,U
46,19-Mar-2011,2011,2,D,F,4,Wisconsin,Big Ten,70,Wisconsin,F
46,19-Mar-2011,2011,2,D,U,5,Kansas State,Big 12,65,Wisconsin,F
47,19-Mar-2011,2011,2,D,F,3,Brigham Young,WCC,89,Brigham Young,F
47,19-Mar-2011,2011,2,D,U,11,Gonzaga,WCC,67,Brigham Young,F
48,19-Mar-2011,2011,2,D,F,2,Florida,SEC,73,Florida,F
48,19-Mar-2011,2011,2,D,U,7,UCLA,Pac-12,65,Florida,F
49,25-Mar-2011,2011,3,A,F,1,Ohio State,Big Ten,60,Kentucky,U
49,25-Mar-2011,2011,3,A,U,4,Kentucky,SEC,62,Kentucky,U
50,25-Mar-2011,2011,3,A,F,2,North Carolina,ACC,81,North Carolina,F
50,25-Mar-2011,2011,3,A,U,11,Marquette,Big East,63,North Carolina,F
51,24-Mar-2011,2011,3,B,F,1,Duke,ACC,77,Arizona,U
51,24-Mar-2011,2011,3,B,U,5,Arizona,Pac-12,93,Arizona,U
52,24-Mar-2011,2011,3,B,F,2,San Diego State,MWC,67,Connecticut,U
52,24-Mar-2011,2011,3,B,U,3,Connecticut,AAC,74,Connecticut,U
53,25-Mar-2011,2011,3,C,F,1,Kansas,Big 12,77,Kansas,F
53,25-Mar-2011,2011,3,C,U,12,Richmond,A-10,57,Kansas,F
54,25-Mar-2011,2011,3,C,F,10,Florida State,ACC,71,Virginia Commonwealth,U
54,25-Mar-2011,2011,3,C,U,11,Virginia Commonwealth,A-10,72,Virginia Commonwealth,U
55,24-Mar-2011,2011,3,D,F,4,Wisconsin,Big Ten,54,Butler,U
55,24-Mar-2011,2011,3,D,U,8,Butler,Big East,61,Butler,U
56,24-Mar-2011,2011,3,D,F,2,Florida,SEC,83,Florida,F
56,24-Mar-2011,2011,3,D,U,3,Brigham Young,WCC,74,Florida,F
57,27-Mar-2011,2011,4,A,F,2,North Carolina,ACC,69,Kentucky,U
57,27-Mar-2011,2011,4,A,U,4,Kentucky,SEC,76,Kentucky,U
58,26-Mar-2011,2011,4,B,F,3,Connecticut,AAC,65,Connecticut,F
58,26-Mar-2011,2011,4,B,U,5,Arizona,Pac-12,63,Connecticut,F
59,27-Mar-2011,2011,4,C,F,1,Kansas,Big 12,61,Virginia Commonwealth,U
59,27-Mar-2011,2011,4,C,U,11,Virginia Commonwealth,A-10,71,Virginia Commonwealth,U
60,26-Mar-2011,2011,4,D,F,2,Florida,SEC,71,Butler,U
60,26-Mar-2011,2011,4,D,U,8,Butler,Big East,74,Butler,U
61,02-Apr-2011,2011,5,E,F,8,Butler,Big East,70,Butler,F
61,02-Apr-2011,2011,5,E,U,11,Virginia Commonwealth,A-10,62,Butler,F
62,02-Apr-2011,2011,5,F,F,3,Connecticut,AAC,56,Connecticut,F
62,02-Apr-2011,2011,5,F,U,4,Kentucky,SEC,55,Connecticut,F
63,04-Apr-2011,2011,6,G,F,3,Connecticut,AAC,53,Connecticut,F
63,04-Apr-2011,2011,6,G,U,8,Butler,Big East,41,Connecticut,F
-1,16-Mar-2011,2011,PI,B,F,11,Virginia Commonwealth,A-10,59,Virginia Commonwealth,F
-1,16-Mar-2011,2011,PI,B,U,11,Southern California,Pac-12,46,Virginia Commonwealth,F
-4,15-Mar-2011,2011,PI,C,F,12,Clemson,ACC,70,Clemson,F
-4,15-Mar-2011,2011,PI,C,U,12,Alabama-Birmingham,CUSA,52,Clemson,F
-3,16-Mar-2011,2011,PI,C,F,16,Texas-San Antonio,CUSA,70,Texas-San Antonio,F
-3,16-Mar-2011,2011,PI,C,U,16,Alabama State,SWAC,61,Texas-San Antonio,F
-2,15-Mar-2011,2011,PI,D,F,16,North Carolina-Asheville,Big South,81,North Carolina-Asheville,F
-2,15-Mar-2011,2011,PI,D,U,16,Little Rock,Sun Belt,77,North Carolina-Asheville,F
1,15-Mar-2012,2012,1,A,F,1,Kentucky,SEC,81,Kentucky,F
1,15-Mar-2012,2012,1,A,U,16,Western Kentucky,CUSA,66,Kentucky,F
2,15-Mar-2012,2012,1,A,F,8,Iowa State,Big 12,77,Iowa State,F
2,15-Mar-2012,2012,1,A,U,9,Connecticut,AAC,64,Iowa State,F
3,15-Mar-2012,2012,1,A,F,5,Wichita State,AAC,59,Virginia Commonwealth,U
3,15-Mar-2012,2012,1,A,U,12,Virginia Commonwealth,A-10,62,Virginia Commonwealth,U
4,15-Mar-2012,2012,1,A,F,4,Indiana,Big Ten,79,Indiana,F
4,15-Mar-2012,2012,1,A,U,13,New Mexico State,WAC,66,Indiana,F
5,15-Mar-2012,2012,1,A,F,6,Nevada-Las Vegas,MWC,64,Colorado,U
5,15-Mar-2012,2012,1,A,U,11,Colorado,Pac-12,68,Colorado,U
6,15-Mar-2012,2012,1,A,F,3,Baylor,Big 12,68,Baylor,F
6,15-Mar-2012,2012,1,A,U,14,South Dakota State,Summit,60,Baylor,F
7,16-Mar-2012,2012,1,A,F,7,Notre Dame,ACC,63,Xavier,U
7,16-Mar-2012,2012,1,A,U,10,Xavier,Big East,67,Xavier,U
8,16-Mar-2012,2012,1,A,F,2,Duke,ACC,70,Lehigh,U
8,16-Mar-2012,2012,1,A,U,15,Lehigh,Patriot,75,Lehigh,U
9,16-Mar-2012,2012,1,B,F,1,Michigan State,Big Ten,89,Michigan State,F
9,16-Mar-2012,2012,1,B,U,16,Long Island University,NEC,67,Michigan State,F
10,16-Mar-2012,2012,1,B,F,8,Memphis,AAC,54,Saint Louis,U
10,16-Mar-2012,2012,1,B,U,9,Saint Louis,A-10,61,Saint Louis,U
11,15-Mar-2012,2012,1,B,F,5,New Mexico,MWC,75,New Mexico,F
11,15-Mar-2012,2012,1,B,U,12,Cal State Long Beach,Big West,68,New Mexico,F
12,15-Mar-2012,2012,1,B,F,4,Louisville,ACC,69,Louisville,F
12,15-Mar-2012,2012,1,B,U,13,Davidson,A-10,62,Louisville,F
13,15-Mar-2012,2012,1,B,F,6,Murray State,OVC,58,Murray State,F
13,15-Mar-2012,2012,1,B,U,11,Colorado State,MWC,41,Murray State,F
14,15-Mar-2012,2012,1,B,F,3,Marquette,Big East,88,Marquette,F
14,15-Mar-2012,2012,1,B,U,14,Brigham Young,WCC,68,Marquette,F
15,16-Mar-2012,2012,1,B,F,7,Florida,SEC,71,Florida,F
15,16-Mar-2012,2012,1,B,U,10,Virginia,ACC,45,Florida,F
16,16-Mar-2012,2012,1,B,F,2,Missouri,SEC,84,Norfolk State,U
16,16-Mar-2012,2012,1,B,U,15,Norfolk State,MEAC,86,Norfolk State,U
17,15-Mar-2012,2012,1,C,F,1,Syracuse,ACC,72,Syracuse,F
17,15-Mar-2012,2012,1,C,U,16,North Carolina-Asheville,Big South,65,Syracuse,F
18,15-Mar-2012,2012,1,C,F,8,Kansas State,Big 12,70,Kansas State,F
18,15-Mar-2012,2012,1,C,U,9,Southern Mississippi,CUSA,64,Kansas State,F
19,15-Mar-2012,2012,1,C,F,5,Vanderbilt,SEC,79,Vanderbilt,F
19,15-Mar-2012,2012,1,C,U,12,Harvard,Ivy,70,Vanderbilt,F
20,15-Mar-2012,2012,1,C,F,4,Wisconsin,Big Ten,73,Wisconsin,F
20,15-Mar-2012,2012,1,C,U,13,Montana,Big Sky,49,Wisconsin,F
21,16-Mar-2012,2012,1,C,F,6,Cincinnati,AAC,65,Cincinnati,F
21,16-Mar-2012,2012,1,C,U,11,Texas,Big 12,59,Cincinnati,F
22,16-Mar-2012,2012,1,C,F,3,Florida State,ACC,66,Florida State,F
22,16-Mar-2012,2012,1,C,U,14,St. Bonaventure,A-10,63,Florida State,F
23,15-Mar-2012,2012,1,C,F,7,Gonzaga,WCC,77,Gonzaga,F
23,15-Mar-2012,2012,1,C,U,10,West Virginia,Big 12,54,Gonzaga,F
24,15-Mar-2012,2012,1,C,F,2,Ohio State,Big Ten,78,Ohio State,F
24,15-Mar-2012,2012,1,C,U,15,Loyola (MD),Patriot,59,Ohio State,F
25,16-Mar-2012,2012,1,D,F,1,North Carolina,ACC,77,North Carolina,F
25,16-Mar-2012,2012,1,D,U,16,Vermont,AEC,58,North Carolina,F
26,16-Mar-2012,2012,1,D,F,8,Creighton,Big East,58,Creighton,F
26,16-Mar-2012,2012,1,D,U,9,Alabama,SEC,57,Creighton,F
27,16-Mar-2012,2012,1,D,F,5,Temple,AAC,44,South Florida,U
27,16-Mar-2012,2012,1,D,U,12,South Florida,AAC,58,South Florida,U
28,16-Mar-2012,2012,1,D,F,4,Michigan,Big Ten,60,Ohio,U
28,16-Mar-2012,2012,1,D,U,13,Ohio,MAC (East),65,Ohio,U
29,16-Mar-2012,2012,1,D,F,6,San Diego State,MWC,65,North Carolina State,U
29,16-Mar-2012,2012,1,D,U,11,North Carolina State,ACC,79,North Carolina State,U
30,16-Mar-2012,2012,1,D,F,3,Georgetown,Big East,74,Georgetown,F
30,16-Mar-2012,2012,1,D,U,14,Belmont,OVC,59,Georgetown,F
31,16-Mar-2012,2012,1,D,F,7,Saint Mary's (CA),WCC,69,Purdue,U
31,16-Mar-2012,2012,1,D,U,10,Purdue,Big Ten,72,Purdue,U
32,16-Mar-2012,2012,1,D,F,2,Kansas,Big 12,65,Kansas,F
32,16-Mar-2012,2012,1,D,U,15,Detroit Mercy,Horizon,50,Kansas,F
33,17-Mar-2012,2012,2,A,F,1,Kentucky,SEC,87,Kentucky,F
33,17-Mar-2012,2012,2,A,U,8,Iowa State,Big 12,71,Kentucky,F
34,17-Mar-2012,2012,2,A,F,4,Indiana,Big Ten,63,Indiana,F
34,17-Mar-2012,2012,2,A,U,12,Virginia Commonwealth,A-10,61,Indiana,F
35,17-Mar-2012,2012,2,A,F,3,Baylor,Big 12,80,Baylor,F
35,17-Mar-2012,2012,2,A,U,11,Colorado,Pac-12,63,Baylor,F
36,18-Mar-2012,2012,2,A,F,10,Xavier,Big East,70,Xavier,F
36,18-Mar-2012,2012,2,A,U,15,Lehigh,Patriot,58,Xavier,F
37,18-Mar-2012,2012,2,B,F,1,Michigan State,Big Ten,65,Michigan State,F
37,18-Mar-2012,2012,2,B,U,9,Saint Louis,A-10,61,Michigan State,F
38,17-Mar-2012,2012,2,B,F,4,Louisville,ACC,59,Louisville,F
38,17-Mar-2012,2012,2,B,U,5,New Mexico,MWC,56,Louisville,F
39,17-Mar-2012,2012,2,B,F,3,Marquette,Big East,62,Marquette,F
39,17-Mar-2012,2012,2,B,U,6,Murray State,OVC,53,Marquette,F
40,18-Mar-2012,2012,2,B,F,7,Florida,SEC,84,Florida,F
40,18-Mar-2012,2012,2,B,U,15,Norfolk State,MEAC,50,Florida,F
41,17-Mar-2012,2012,2,C,F,1,Syracuse,ACC,75,Syracuse,F
41,17-Mar-2012,2012,2,C,U,8,Kansas State,Big 12,59,Syracuse,F
42,17-Mar-2012,2012,2,C,F,4,Wisconsin,Big Ten,60,Wisconsin,F
42,17-Mar-2012,2012,2,C,U,5,Vanderbilt,SEC,57,Wisconsin,F
43,18-Mar-2012,2012,2,C,F,3,Florida State,ACC,56,Cincinnati,U
43,18-Mar-2012,2012,2,C,U,6,Cincinnati,AAC,62,Cincinnati,U
44,17-Mar-2012,2012,2,C,F,2,Ohio State,Big Ten,73,Ohio State,F
44,17-Mar-2012,2012,2,C,U,7,Gonzaga,WCC,66,Ohio State,F
45,18-Mar-2012,2012,2,D,F,1,North Carolina,ACC,87,North Carolina,F
45,18-Mar-2012,2012,2,D,U,8,Creighton,Big East,73,North Carolina,F
46,18-Mar-2012,2012,2,D,F,12,South Florida,AAC,56,Ohio,U
46,18-Mar-2012,2012,2,D,U,13,Ohio,MAC (East),62,Ohio,U
47,18-Mar-2012,2012,2,D,F,3,Georgetown,Big East,63,North Carolina State,U
47,18-Mar-2012,2012,2,D,U,11,North Carolina State,ACC,66,North Carolina State,U
48,18-Mar-2012,2012,2,D,F,2,Kansas,Big 12,63,Kansas,F
48,18-Mar-2012,2012,2,D,U,10,Purdue,Big Ten,60,Kansas,F
49,23-Mar-2012,2012,3,A,F,1,Kentucky,SEC,102,Kentucky,F
49,23-Mar-2012,2012,3,A,U,4,Indiana,Big Ten,90,Kentucky,F
50,23-Mar-2012,2012,3,A,F,3,Baylor,Big 12,75,Baylor,F
50,23-Mar-2012,2012,3,A,U,10,Xavier,Big East,70,Baylor,F
51,22-Mar-2012,2012,3,B,F,1,Michigan State,Big Ten,44,Louisville,U
51,22-Mar-2012,2012,3,B,U,4,Louisville,ACC,57,Louisville,U
52,22-Mar-2012,2012,3,B,F,3,Marquette,Big East,58,Florida,U
52,22-Mar-2012,2012,3,B,U,7,Florida,SEC,68,Florida,U
53,22-Mar-2012,2012,3,C,F,1,Syracuse,ACC,64,Syracuse,F
53,22-Mar-2012,2012,3,C,U,4,Wisconsin,Big Ten,63,Syracuse,F
54,22-Mar-2012,2012,3,C,F,2,Ohio State,Big Ten,81,Ohio State,F
54,22-Mar-2012,2012,3,C,U,6,Cincinnati,AAC,66,Ohio State,F
55,23-Mar-2012,2012,3,D,F,1,North Carolina,ACC,73,North Carolina,F
55,23-Mar-2012,2012,3,D,U,13,Ohio,MAC (East),65,North Carolina,F
56,23-Mar-2012,2012,3,D,F,2,Kansas,Big 12,60,Kansas,F
56,23-Mar-2012,2012,3,D,U,11,North Carolina State,ACC,57,Kansas,F
57,25-Mar-2012,2012,4,A,F,1,Kentucky,SEC,82,Kentucky,F
57,25-Mar-2012,2012,4,A,U,3,Baylor,Big 12,70,Kentucky,F
58,24-Mar-2012,2012,4,B,F,4,Louisville,ACC,72,Louisville,F
58,24-Mar-2012,2012,4,B,U,7,Florida,SEC,68,Louisville,F
59,24-Mar-2012,2012,4,C,F,1,Syracuse,ACC,70,Ohio State,U
59,24-Mar-2012,2012,4,C,U,2,Ohio State,Big Ten,77,Ohio State,U
60,25-Mar-2012,2012,4,D,F,1,North Carolina,ACC,67,Kansas,U
60,25-Mar-2012,2012,4,D,U,2,Kansas,Big 12,80,Kansas,U
61,31-Mar-2012,2012,5,E,F,2,Ohio State,Big Ten,62,Kansas,U
61,31-Mar-2012,2012,5,E,U,2,Kansas,Big 12,64,Kansas,U
62,31-Mar-2012,2012,5,F,F,1,Kentucky,SEC,69,Kentucky,F
62,31-Mar-2012,2012,5,F,U,4,Louisville,ACC,61,Kentucky,F
63,02-Apr-2012,2012,6,G,F,1,Kentucky,SEC,67,Kentucky,F
63,02-Apr-2012,2012,6,G,U,2,Kansas,Big 12,59,Kentucky,F
-2,13-Mar-2012,2012,PI,A,F,16,Western Kentucky,CUSA,59,Western Kentucky,F
-2,13-Mar-2012,2012,PI,A,U,16,Mississippi Valley State,SWAC,58,Western Kentucky,F
-1,13-Mar-2012,2012,PI,B,F,14,Brigham Young,WCC,78,Brigham Young,F
-1,13-Mar-2012,2012,PI,B,U,14,Iona,MAAC,72,Brigham Young,F
-4,14-Mar-2012,2012,PI,D,F,12,University of California,Pac-12,54,South Florida,U
-4,14-Mar-2012,2012,PI,D,U,12,South Florida,AAC,65,South Florida,U
-3,14-Mar-2012,2012,PI,D,F,16,Lamar,Southland,59,Vermont,U
-3,14-Mar-2012,2012,PI,D,U,16,Vermont,AEC,71,Vermont,U
1,21-Mar-2013,2013,1,A,F,1,Louisville,ACC,79,Louisville,F
1,21-Mar-2013,2013,1,A,U,16,North Carolina A&T,MEAC,48,Louisville,F
2,21-Mar-2013,2013,1,A,F,8,Colorado State,MWC,84,Colorado State,F
2,21-Mar-2013,2013,1,A,U,9,Missouri,SEC,72,Colorado State,F
3,21-Mar-2013,2013,1,A,F,5,Oklahoma State,Big 12,55,Oregon,U
3,21-Mar-2013,2013,1,A,U,12,Oregon,Pac-12,68,Oregon,U
4,21-Mar-2013,2013,1,A,F,4,Saint Louis,A-10,64,Saint Louis,F
4,21-Mar-2013,2013,1,A,U,13,New Mexico State,WAC,44,Saint Louis,F
5,21-Mar-2013,2013,1,A,F,6,Memphis,AAC,54,Memphis,F
5,21-Mar-2013,2013,1,A,U,11,Saint Mary's (CA),WCC,52,Memphis,F
6,21-Mar-2013,2013,1,A,F,3,Michigan State,Big Ten,65,Michigan State,F
6,21-Mar-2013,2013,1,A,U,14,Valparaiso,MVC,54,Michigan State,F
7,22-Mar-2013,2013,1,A,F,7,Creighton,Big East,67,Creighton,F
7,22-Mar-2013,2013,1,A,U,10,Cincinnati,AAC,63,Creighton,F
8,22-Mar-2013,2013,1,A,F,2,Duke,ACC,73,Duke,F
8,22-Mar-2013,2013,1,A,U,15,Albany (NY),AEC,61,Duke,F
9,21-Mar-2013,2013,1,B,F,1,Gonzaga,WCC,64,Gonzaga,F
9,21-Mar-2013,2013,1,B,U,16,Southern,SWAC,58,Gonzaga,F
10,21-Mar-2013,2013,1,B,F,8,Pittsburgh,ACC,55,Wichita State,U
10,21-Mar-2013,2013,1,B,U,9,Wichita State,AAC,73,Wichita State,U
11,22-Mar-2013,2013,1,B,F,5,Wisconsin,Big Ten,46,Mississippi,U
11,22-Mar-2013,2013,1,B,U,12,Mississippi,SEC,57,Mississippi,U
12,22-Mar-2013,2013,1,B,F,4,Kansas State,Big 12,61,La Salle,U
12,22-Mar-2013,2013,1,B,U,13,La Salle,A-10,63,La Salle,U
13,21-Mar-2013,2013,1,B,F,6,Arizona,Pac-12,81,Arizona,F
13,21-Mar-2013,2013,1,B,U,11,Belmont,OVC,64,Arizona,F
14,21-Mar-2013,2013,1,B,F,3,New Mexico,MWC,62,Harvard,U
14,21-Mar-2013,2013,1,B,U,14,Harvard,Ivy,68,Harvard,U
15,22-Mar-2013,2013,1,B,F,7,Iowa State,Big 12,76,Iowa State,F
15,22-Mar-2013,2013,1,B,U,10,Notre Dame,ACC,58,Iowa State,F
16,22-Mar-2013,2013,1,B,F,2,Ohio State,Big Ten,95,Ohio State,F
16,22-Mar-2013,2013,1,B,U,15,Iona,MAAC,70,Ohio State,F
17,22-Mar-2013,2013,1,C,F,1,Kansas,Big 12,64,Kansas,F
17,22-Mar-2013,2013,1,C,U,16,Western Kentucky,CUSA,57,Kansas,F
18,22-Mar-2013,2013,1,C,F,8,North Carolina,ACC,78,North Carolina,F
18,22-Mar-2013,2013,1,C,U,9,Villanova,Big East,71,North Carolina,F
19,21-Mar-2013,2013,1,C,F,5,Virginia Commonwealth,A-10,88,Virginia Commonwealth,F
19,21-Mar-2013,2013,1,C,U,12,Akron,MAC (East),42,Virginia Commonwealth,F
20,21-Mar-2013,2013,1,C,F,4,Michigan,Big Ten,71,Michigan,F
20,21-Mar-2013,2013,1,C,U,13,South Dakota State,Summit,56,Michigan,F
21,22-Mar-2013,2013,1,C,F,6,UCLA,Pac-12,63,Minnesota,U
21,22-Mar-2013,2013,1,C,U,11,Minnesota,Big Ten,83,Minnesota,U
22,22-Mar-2013,2013,1,C,F,3,Florida,SEC,79,Florida,F
22,22-Mar-2013,2013,1,C,U,14,Northwestern State,Southland,47,Florida,F
23,22-Mar-2013,2013,1,C,F,7,San Diego State,MWC,70,San Diego State,F
23,22-Mar-2013,2013,1,C,U,10,Oklahoma,Big 12,55,San Diego State,F
24,22-Mar-2013,2013,1,C,F,2,Georgetown,Big East,68,Florida Gulf Coast,U
24,22-Mar-2013,2013,1,C,U,15,Florida Gulf Coast,A-Sun,78,Florida Gulf Coast,U
25,22-Mar-2013,2013,1,D,F,1,Indiana,Big Ten,83,Indiana,F
25,22-Mar-2013,2013,1,D,U,16,James Madison,CAA,62,Indiana,F
26,22-Mar-2013,2013,1,D,F,8,North Carolina State,ACC,72,Temple,U
26,22-Mar-2013,2013,1,D,U,9,Temple,AAC,76,Temple,U
27,21-Mar-2013,2013,1,D,F,5,Nevada-Las Vegas,MWC,61,University of California,U
27,21-Mar-2013,2013,1,D,U,12,University of California,Pac-12,64,University of California,U
28,21-Mar-2013,2013,1,D,F,4,Syracuse,ACC,81,Syracuse,F
28,21-Mar-2013,2013,1,D,U,13,Montana,Big Sky,34,Syracuse,F
29,21-Mar-2013,2013,1,D,F,6,Butler,Big East,68,Butler,F
29,21-Mar-2013,2013,1,D,U,11,Bucknell,Patriot,56,Butler,F
30,21-Mar-2013,2013,1,D,F,3,Marquette,Big East,59,Marquette,F
30,21-Mar-2013,2013,1,D,U,14,Davidson,A-10,58,Marquette,F
31,22-Mar-2013,2013,1,D,F,7,Illinois,Big Ten,57,Illinois,F
31,22-Mar-2013,2013,1,D,U,10,Colorado,Pac-12,49,Illinois,F
32,22-Mar-2013,2013,1,D,F,2,Miami (FL),ACC,78,Miami (FL),F
32,22-Mar-2013,2013,1,D,U,15,Pacific,WCC,49,Miami (FL),F
33,23-Mar-2013,2013,2,A,F,1,Louisville,ACC,82,Louisville,F
33,23-Mar-2013,2013,2,A,U,8,Colorado State,MWC,56,Louisville,F
34,23-Mar-2013,2013,2,A,F,4,Saint Louis,A-10,57,Oregon,U
34,23-Mar-2013,2013,2,A,U,12,Oregon,Pac-12,74,Oregon,U
35,23-Mar-2013,2013,2,A,F,3,Michigan State,Big Ten,70,Michigan State,F
35,23-Mar-2013,2013,2,A,U,6,Memphis,AAC,48,Michigan State,F
36,24-Mar-2013,2013,2,A,F,2,Duke,ACC,66,Duke,F
36,24-Mar-2013,2013,2,A,U,7,Creighton,Big East,50,Duke,F
37,23-Mar-2013,2013,2,B,F,1,Gonzaga,WCC,70,Wichita State,U
37,23-Mar-2013,2013,2,B,U,9,Wichita State,AAC,76,Wichita State,U
38,24-Mar-2013,2013,2,B,F,12,Mississippi,SEC,74,La Salle,U
38,24-Mar-2013,2013,2,B,U,13,La Salle,A-10,76,La Salle,U
39,23-Mar-2013,2013,2,B,F,6,Arizona,Pac-12,74,Arizona,F
39,23-Mar-2013,2013,2,B,U,14,Harvard,Ivy,51,Arizona,F
40,24-Mar-2013,2013,2,B,F,2,Ohio State,Big Ten,78,Ohio State,F
40,24-Mar-2013,2013,2,B,U,10,Iowa State,Big 12,75,Ohio State,F
41,24-Mar-2013,2013,2,C,F,1,Kansas,Big 12,70,Kansas,F
41,24-Mar-2013,2013,2,C,U,8,North Carolina,ACC,58,Kansas,F
42,24-Mar-2013,2013,2,C,F,7,San Diego State,MWC,71,Florida Gulf Coast,U
42,24-Mar-2013,2013,2,C,U,15,Florida Gulf Coast,A-Sun,81,Florida Gulf Coast,U
43,23-Mar-2013,2013,2,C,F,4,Michigan,Big Ten,78,Michigan,F
43,23-Mar-2013,2013,2,C,U,5,Virginia Commonwealth,A-10,53,Michigan,F
44,24-Mar-2013,2013,2,C,F,3,Florida,SEC,78,Florida,F
44,24-Mar-2013,2013,2,C,U,11,Minnesota,Big Ten,64,Florida,F
45,24-Mar-2013,2013,2,D,F,1,Indiana,Big Ten,58,Indiana,F
45,24-Mar-2013,2013,2,D,U,9,Temple,AAC,52,Indiana,F
46,23-Mar-2013,2013,2,D,F,4,Syracuse,ACC,66,Syracuse,F
46,23-Mar-2013,2013,2,D,U,12,University of California,Pac-12,60,Syracuse,F
47,23-Mar-2013,2013,2,D,F,3,Marquette,Big East,74,Marquette,F
47,23-Mar-2013,2013,2,D,U,6,Butler,Big East,72,Marquette,F
48,24-Mar-2013,2013,2,D,F,2,Miami (FL),ACC,63,Miami (FL),F
48,24-Mar-2013,2013,2,D,U,7,Illinois,Big Ten,59,Miami (FL),F
49,29-Mar-2013,2013,3,A,F,1,Louisville,ACC,77,Louisville,F
49,29-Mar-2013,2013,3,A,U,12,Oregon,Pac-12,69,Louisville,F
50,29-Mar-2013,2013,3,A,F,2,Duke,ACC,71,Duke,F
50,29-Mar-2013,2013,3,A,U,3,Michigan State,Big Ten,61,Duke,F
51,28-Mar-2013,2013,3,B,F,2,Ohio State,Big Ten,73,Ohio State,F
51,28-Mar-2013,2013,3,B,U,6,Arizona,Pac-12,70,Ohio State,F
52,28-Mar-2013,2013,3,B,F,9,Wichita State,AAC,72,Wichita State,F
52,28-Mar-2013,2013,3,B,U,13,La Salle,A-10,58,Wichita State,F
53,29-Mar-2013,2013,3,C,F,1,Kansas,Big 12,85,Michigan,U
53,29-Mar-2013,2013,3,C,U,4,Michigan,Big Ten,87,Michigan,U
54,29-Mar-2013,2013,3,C,F,3,Florida,SEC,62,Florida,F
54,29-Mar-2013,2013,3,C,U,15,Florida Gulf Coast,A-Sun,50,Florida,F
55,28-Mar-2013,2013,3,D,F,1,Indiana,Big Ten,50,Syracuse,U
55,28-Mar-2013,2013,3,D,U,4,Syracuse,ACC,61,Syracuse,U
56,28-Mar-2013,2013,3,D,F,2,Miami (FL),ACC,61,Marquette,U
56,28-Mar-2013,2013,3,D,U,3,Marquette,Big East,71,Marquette,U
57,31-Mar-2013,2013,4,A,F,1,Louisville,ACC,85,Louisville,F
57,31-Mar-2013,2013,4,A,U,2,Duke,ACC,63,Louisville,F
58,30-Mar-2013,2013,4,B,F,2,Ohio State,Big Ten,66,Wichita State,U
58,30-Mar-2013,2013,4,B,U,9,Wichita State,AAC,70,Wichita State,U
59,31-Mar-2013,2013,4,C,F,3,Florida,SEC,59,Michigan,U
59,31-Mar-2013,2013,4,C,U,4,Michigan,Big Ten,79,Michigan,U
60,30-Mar-2013,2013,4,D,F,3,Marquette,Big East,39,Syracuse,U
60,30-Mar-2013,2013,4,D,U,4,Syracuse,ACC,55,Syracuse,U
62,06-Apr-2013,2013,5,E,F,1,Louisville,ACC,72,Louisville,F
62,06-Apr-2013,2013,5,E,U,9,Wichita State,AAC,68,Louisville,F
61,06-Apr-2013,2013,5,F,F,4,Michigan,Big Ten,61,Michigan,F
61,06-Apr-2013,2013,5,F,U,4,Syracuse,ACC,56,Michigan,F
63,08-Apr-2013,2013,6,G,F,1,Louisville,ACC,82,Louisville,F
63,08-Apr-2013,2013,6,G,U,4,Michigan,Big Ten,76,Louisville,F
-3,19-Mar-2013,2013,PI,A,F,11,Saint Mary's (CA),WCC,67,Saint Mary's (CA),F
-3,19-Mar-2013,2013,PI,A,U,11,Middle Tennessee,CUSA,54,Saint Mary's (CA),F
-2,19-Mar-2013,2013,PI,A,F,16,North Carolina A&T,MEAC,73,North Carolina A&T,F
-2,19-Mar-2013,2013,PI,A,U,16,Liberty,A-Sun,72,North Carolina A&T,F
-1,20-Mar-2013,2013,PI,B,F,13,La Salle,A-10,80,La Salle,F
-1,20-Mar-2013,2013,PI,B,U,13,Boise State,MWC,71,La Salle,F
-4,20-Mar-2013,2013,PI,D,F,16,James Madison,CAA,68,James Madison,F
-4,20-Mar-2013,2013,PI,D,U,16,Long Island University,NEC,55,James Madison,F
1,20-Mar-2014,2014,1,A,F,1,Florida,SEC,67,Florida,F
1,20-Mar-2014,2014,1,A,U,16,Albany (NY),AEC,55,Florida,F
2,20-Mar-2014,2014,1,A,F,8,Pittsburgh,ACC,77,Pittsburgh,F
2,20-Mar-2014,2014,1,A,U,9,Colorado,Pac-12,48,Pittsburgh,F
3,21-Mar-2014,2014,1,A,F,5,Virginia Commonwealth,A-10,75,Stephen F. Austin,U
3,21-Mar-2014,2014,1,A,U,12,Stephen F. Austin,Southland,77,Stephen F. Austin,U
4,21-Mar-2014,2014,1,A,F,4,UCLA,Pac-12,76,UCLA,F
4,21-Mar-2014,2014,1,A,U,13,Tulsa,AAC,59,UCLA,F
5,20-Mar-2014,2014,1,A,F,6,Ohio State,Big Ten,59,Dayton,U
5,20-Mar-2014,2014,1,A,U,11,Dayton,A-10,60,Dayton,U
6,20-Mar-2014,2014,1,A,F,3,Syracuse,ACC,77,Syracuse,F
6,20-Mar-2014,2014,1,A,U,14,Western Michigan,MAC (West),53,Syracuse,F
7,21-Mar-2014,2014,1,A,F,7,New Mexico,MWC,53,Stanford,U
7,21-Mar-2014,2014,1,A,U,10,Stanford,Pac-12,58,Stanford,U
8,21-Mar-2014,2014,1,A,F,2,Kansas,Big 12,80,Kansas,F
8,21-Mar-2014,2014,1,A,U,15,Eastern Kentucky,OVC,69,Kansas,F
9,21-Mar-2014,2014,1,B,F,1,Virginia,ACC,70,Virginia,F
9,21-Mar-2014,2014,1,B,U,16,Coastal Carolina,Sun Belt,59,Virginia,F
10,21-Mar-2014,2014,1,B,F,8,Memphis,AAC,71,Memphis,F
10,21-Mar-2014,2014,1,B,U,9,George Washington,A-10,66,Memphis,F
11,20-Mar-2014,2014,1,B,F,5,Cincinnati,AAC,57,Harvard,U
11,20-Mar-2014,2014,1,B,U,12,Harvard,Ivy,61,Harvard,U
12,20-Mar-2014,2014,1,B,F,4,Michigan State,Big Ten,93,Michigan State,F
12,20-Mar-2014,2014,1,B,U,13,Delaware,CAA,78,Michigan State,F
13,21-Mar-2014,2014,1,B,F,6,North Carolina,ACC,79,North Carolina,F
13,21-Mar-2014,2014,1,B,U,11,Providence,Big East,77,North Carolina,F
14,21-Mar-2014,2014,1,B,F,3,Iowa State,Big 12,93,Iowa State,F
14,21-Mar-2014,2014,1,B,U,14,North Carolina Central,MEAC,75,Iowa State,F
15,20-Mar-2014,2014,1,B,F,7,Connecticut,AAC,89,Connecticut,F
15,20-Mar-2014,2014,1,B,U,10,Saint Joseph's,A-10,81,Connecticut,F
16,20-Mar-2014,2014,1,B,F,2,Villanova,Big East,73,Villanova,F
16,20-Mar-2014,2014,1,B,U,15,Milwaukee,Horizon,53,Villanova,F
17,21-Mar-2014,2014,1,C,F,1,Arizona,Pac-12,68,Arizona,F
17,21-Mar-2014,2014,1,C,U,16,Weber State,Big Sky,59,Arizona,F
18,21-Mar-2014,2014,1,C,F,8,Oklahoma State,Big 12,77,Gonzaga,U
18,21-Mar-2014,2014,1,C,U,9,Gonzaga,WCC,85,Gonzaga,U
19,20-Mar-2014,2014,1,C,F,5,Oklahoma,Big 12,75,North Dakota State,U
19,20-Mar-2014,2014,1,C,U,12,North Dakota State,Summit,80,North Dakota State,U
20,20-Mar-2014,2014,1,C,F,4,San Diego State,MWC,73,San Diego State,F
20,20-Mar-2014,2014,1,C,U,13,New Mexico State,WAC,69,San Diego State,F
21,21-Mar-2014,2014,1,C,F,6,Baylor,Big 12,74,Baylor,F
21,21-Mar-2014,2014,1,C,U,11,Nebraska,Big Ten,60,Baylor,F
22,21-Mar-2014,2014,1,C,F,3,Creighton,Big East,76,Creighton,F
22,21-Mar-2014,2014,1,C,U,14,Lafayette,Patriot,66,Creighton,F
23,20-Mar-2014,2014,1,C,F,7,Oregon,Pac-12,87,Oregon,F
23,20-Mar-2014,2014,1,C,U,10,Brigham Young,WCC,68,Oregon,F
24,20-Mar-2014,2014,1,C,F,2,Wisconsin,Big Ten,75,Wisconsin,F
24,20-Mar-2014,2014,1,C,U,15,American,Patriot,35,Wisconsin,F
25,21-Mar-2014,2014,1,D,F,1,Wichita State,AAC,64,Wichita State,F
25,21-Mar-2014,2014,1,D,U,16,Cal Poly,Big West,37,Wichita State,F
26,21-Mar-2014,2014,1,D,F,8,Kentucky,SEC,56,Kentucky,F
26,21-Mar-2014,2014,1,D,U,9,Kansas State,Big 12,49,Kentucky,F
27,20-Mar-2014,2014,1,D,F,5,Saint Louis,A-10,83,Saint Louis,F
27,20-Mar-2014,2014,1,D,U,12,North Carolina State,ACC,80,Saint Louis,F
28,20-Mar-2014,2014,1,D,F,4,Louisville,ACC,71,Louisville,F
28,20-Mar-2014,2014,1,D,U,13,Manhattan,MAAC,64,Louisville,F
29,21-Mar-2014,2014,1,D,F,6,Massachusetts,A-10,67,Tennessee,U
29,21-Mar-2014,2014,1,D,U,11,Tennessee,SEC,86,Tennessee,U
30,21-Mar-2014,2014,1,D,F,3,Duke,ACC,71,Mercer,U
30,21-Mar-2014,2014,1,D,U,14,Mercer,Southern,78,Mercer,U
31,20-Mar-2014,2014,1,D,F,7,Texas,Big 12,87,Texas,F
31,20-Mar-2014,2014,1,D,U,10,Arizona State,Pac-12,85,Texas,F
32,20-Mar-2014,2014,1,D,F,2,Michigan,Big Ten,57,Michigan,F
32,20-Mar-2014,2014,1,D,U,15,Wofford,Southern,40,Michigan,F
33,22-Mar-2014,2014,2,A,F,1,Florida,SEC,61,Florida,F
33,22-Mar-2014,2014,2,A,U,9,Pittsburgh,ACC,45,Florida,F
34,23-Mar-2014,2014,2,A,F,4,UCLA,Pac-12,77,UCLA,F
34,23-Mar-2014,2014,2,A,U,12,Stephen F. Austin,Southland,60,UCLA,F
35,22-Mar-2014,2014,2,A,F,3,Syracuse,ACC,53,Dayton,U
35,22-Mar-2014,2014,2,A,U,11,Dayton,A-10,55,Dayton,U
36,23-Mar-2014,2014,2,A,F,2,Kansas,Big 12,57,Stanford,U
36,23-Mar-2014,2014,2,A,U,10,Stanford,Pac-12,60,Stanford,U
37,23-Mar-2014,2014,2,B,F,1,Virginia,ACC,78,Virginia,F
37,23-Mar-2014,2014,2,B,U,8,Memphis,AAC,60,Virginia,F
38,22-Mar-2014,2014,2,B,F,4,Michigan State,Big Ten,80,Michigan State,F
38,22-Mar-2014,2014,2,B,U,12,Harvard,Ivy,73,Michigan State,F
39,23-Mar-2014,2014,2,B,F,3,Iowa State,Big 12,85,Iowa State,F
39,23-Mar-2014,2014,2,B,U,6,North Carolina,ACC,83,Iowa State,F
40,22-Mar-2014,2014,2,B,F,2,Villanova,Big East,65,Connecticut,U
40,22-Mar-2014,2014,2,B,U,7,Connecticut,AAC,77,Connecticut,U
41,23-Mar-2014,2014,2,C,F,1,Arizona,Pac-12,84,Arizona,F
41,23-Mar-2014,2014,2,C,U,8,Gonzaga,WCC,61,Arizona,F
42,22-Mar-2014,2014,2,C,F,4,San Diego State,MWC,63,San Diego State,F
42,22-Mar-2014,2014,2,C,U,12,North Dakota State,Summit,44,San Diego State,F
43,23-Mar-2014,2014,2,C,F,3,Creighton,Big East,55,Baylor,U
43,23-Mar-2014,2014,2,C,U,6,Baylor,Big 12,85,Baylor,U
44,22-Mar-2014,2014,2,C,F,2,Wisconsin,Big Ten,85,Wisconsin,F
44,22-Mar-2014,2014,2,C,U,7,Oregon,Pac-12,77,Wisconsin,F
45,23-Mar-2014,2014,2,D,F,1,Wichita State,AAC,76,Kentucky,U
45,23-Mar-2014,2014,2,D,U,8,Kentucky,SEC,78,Kentucky,U
46,23-Mar-2014,2014,2,D,F,11,Tennessee,SEC,83,Tennessee,F
46,23-Mar-2014,2014,2,D,U,14,Mercer,Southern,63,Tennessee,F
47,22-Mar-2014,2014,2,D,F,4,Louisville,ACC,66,Louisville,F
47,22-Mar-2014,2014,2,D,U,5,Saint Louis,A-10,51,Louisville,F
48,22-Mar-2014,2014,2,D,F,2,Michigan,Big Ten,79,Michigan,F
48,22-Mar-2014,2014,2,D,U,7,Texas,Big 12,65,Michigan,F
49,27-Mar-2014,2014,3,A,F,1,Florida,SEC,79,Florida,F
49,27-Mar-2014,2014,3,A,U,4,UCLA,Pac-12,68,Florida,F
50,27-Mar-2014,2014,3,A,F,10,Stanford,Pac-12,72,Dayton,U
50,27-Mar-2014,2014,3,A,U,11,Dayton,A-10,82,Dayton,U
51,28-Mar-2014,2014,3,B,F,1,Virginia,ACC,59,Michigan State,U
51,28-Mar-2014,2014,3,B,U,4,Michigan State,Big Ten,61,Michigan State,U
52,28-Mar-2014,2014,3,B,F,3,Iowa State,Big 12,76,Connecticut,U
52,28-Mar-2014,2014,3,B,U,7,Connecticut,AAC,81,Connecticut,U
53,27-Mar-2014,2014,3,C,F,1,Arizona,Pac-12,70,Arizona,F
53,27-Mar-2014,2014,3,C,U,4,San Diego State,MWC,64,Arizona,F
54,27-Mar-2014,2014,3,C,F,2,Wisconsin,Big Ten,69,Wisconsin,F
54,27-Mar-2014,2014,3,C,U,6,Baylor,Big 12,52,Wisconsin,F
55,28-Mar-2014,2014,3,D,F,2,Michigan,Big Ten,73,Michigan,F
55,28-Mar-2014,2014,3,D,U,11,Tennessee,SEC,71,Michigan,F
56,28-Mar-2014,2014,3,D,F,4,Louisville,ACC,69,Kentucky,U
56,28-Mar-2014,2014,3,D,U,8,Kentucky,SEC,74,Kentucky,U
57,29-Mar-2014,2014,4,A,F,1,Florida,SEC,62,Florida,F
57,29-Mar-2014,2014,4,A,U,11,Dayton,A-10,52,Florida,F
58,30-Mar-2014,2014,4,B,F,4,Michigan State,Big Ten,54,Connecticut,U
58,30-Mar-2014,2014,4,B,U,7,Connecticut,AAC,60,Connecticut,U
59,29-Mar-2014,2014,4,C,F,1,Arizona,Pac-12,63,Wisconsin,U
59,29-Mar-2014,2014,4,C,U,2,Wisconsin,Big Ten,64,Wisconsin,U
60,30-Mar-2014,2014,4,D,F,2,Michigan,Big Ten,72,Kentucky,U
60,30-Mar-2014,2014,4,D,U,8,Kentucky,SEC,75,Kentucky,U
62,05-Apr-2014,2014,5,E,F,1,Florida,SEC,53,Connecticut,U
62,05-Apr-2014,2014,5,E,U,7,Connecticut,AAC,63,Connecticut,U
61,05-Apr-2014,2014,5,F,F,2,Wisconsin,Big Ten,73,Kentucky,U
61,05-Apr-2014,2014,5,F,U,8,Kentucky,SEC,74,Kentucky,U
63,07-Apr-2014,2014,6,G,F,7,Connecticut,AAC,60,Connecticut,F
63,07-Apr-2014,2014,6,G,U,8,Kentucky,SEC,54,Connecticut,F
-1,18-Mar-2014,2014,PI,A,F,16,Albany (NY),AEC,71,Albany (NY),F
-1,18-Mar-2014,2014,PI,A,U,16,Mount St. Mary's,NEC,64,Albany (NY),F
-4,19-Mar-2014,2014,PI,D,F,11,Tennessee,SEC,78,Tennessee,F
-4,19-Mar-2014,2014,PI,D,U,11,Iowa,Big Ten,65,Tennessee,F
-3,18-Mar-2014,2014,PI,D,F,12,Xavier,Big East,59,North Carolina State,U
-3,18-Mar-2014,2014,PI,D,U,12,North Carolina State,ACC,74,North Carolina State,U
-2,19-Mar-2014,2014,PI,D,F,16,Cal Poly,Big West,81,Cal Poly,F
-2,19-Mar-2014,2014,PI,D,U,16,Texas Southern,SWAC,69,Cal Poly,F
1,19-Mar-2015,2015,1,A,F,1,Kentucky,SEC,79,Kentucky,F
1,19-Mar-2015,2015,1,A,U,16,Hampton,Big South,56,Kentucky,F
2,19-Mar-2015,2015,1,A,F,8,Cincinnati,AAC,66,Cincinnati,F
2,19-Mar-2015,2015,1,A,U,9,Purdue,Big Ten,65,Cincinnati,F
3,20-Mar-2015,2015,1,A,F,5,West Virginia,Big 12,68,West Virginia,F
3,20-Mar-2015,2015,1,A,U,12,Buffalo,MAC (East),62,West Virginia,F
4,20-Mar-2015,2015,1,A,F,4,Maryland,Big Ten,65,Maryland,F
4,20-Mar-2015,2015,1,A,U,13,Valparaiso,MVC,62,Maryland,F
5,19-Mar-2015,2015,1,A,F,6,Butler,Big East,56,Butler,F
5,19-Mar-2015,2015,1,A,U,11,Texas,Big 12,48,Butler,F
6,19-Mar-2015,2015,1,A,F,3,Notre Dame,ACC,69,Notre Dame,F
6,19-Mar-2015,2015,1,A,U,14,Northeastern,CAA,65,Notre Dame,F
7,20-Mar-2015,2015,1,A,F,7,Wichita State,AAC,81,Wichita State,F
7,20-Mar-2015,2015,1,A,U,10,Indiana,Big Ten,76,Wichita State,F
8,20-Mar-2015,2015,1,A,F,2,Kansas,Big 12,75,Kansas,F
8,20-Mar-2015,2015,1,A,U,15,New Mexico State,WAC,56,Kansas,F
9,20-Mar-2015,2015,1,B,F,1,Wisconsin,Big Ten,86,Wisconsin,F
9,20-Mar-2015,2015,1,B,U,16,Coastal Carolina,Sun Belt,72,Wisconsin,F
10,20-Mar-2015,2015,1,B,F,8,Oklahoma State,Big 12,73,Oregon,U
10,20-Mar-2015,2015,1,B,U,9,Oregon,Pac-12,79,Oregon,U
11,19-Mar-2015,2015,1,B,F,5,Arkansas,SEC,56,Arkansas,F
11,19-Mar-2015,2015,1,B,U,12,Wofford,Southern,53,Arkansas,F
12,19-Mar-2015,2015,1,B,F,4,North Carolina,ACC,67,North Carolina,F
12,19-Mar-2015,2015,1,B,U,13,Harvard,Ivy,65,North Carolina,F
13,19-Mar-2015,2015,1,B,F,6,Xavier,Big East,76,Xavier,F
13,19-Mar-2015,2015,1,B,U,11,Mississippi,SEC,57,Xavier,F
14,19-Mar-2015,2015,1,B,F,3,Baylor,Big 12,56,Georgia State,U
14,19-Mar-2015,2015,1,B,U,14,Georgia State,Sun Belt,57,Georgia State,U
15,19-Mar-2015,2015,1,B,F,7,Ohio State,Big Ten,75,Ohio State,F
15,19-Mar-2015,2015,1,B,U,10,Virginia Commonwealth,A-10,72,Ohio State,F
16,19-Mar-2015,2015,1,B,F,2,Arizona,Pac-12,93,Arizona,F
16,19-Mar-2015,2015,1,B,U,15,Texas Southern,SWAC,72,Arizona,F
17,19-Mar-2015,2015,1,C,F,1,Villanova,Big East,93,Villanova,F
17,19-Mar-2015,2015,1,C,U,16,Lafayette,Patriot,52,Villanova,F
18,19-Mar-2015,2015,1,C,F,8,North Carolina State,ACC,66,North Carolina State,F
18,19-Mar-2015,2015,1,C,U,9,Louisiana State,SEC,65,North Carolina State,F
19,20-Mar-2015,2015,1,C,F,5,Northern Iowa,MVC,71,Northern Iowa,F
19,20-Mar-2015,2015,1,C,U,12,Wyoming,MWC,54,Northern Iowa,F
20,20-Mar-2015,2015,1,C,F,4,Louisville,ACC,57,Louisville,F
20,20-Mar-2015,2015,1,C,U,13,UC-Irvine,Big West,55,Louisville,F
21,20-Mar-2015,2015,1,C,F,6,Providence,Big East,53,Dayton,U
21,20-Mar-2015,2015,1,C,U,11,Dayton,A-10,66,Dayton,U
22,20-Mar-2015,2015,1,C,F,3,Oklahoma,Big 12,69,Oklahoma,F
22,20-Mar-2015,2015,1,C,U,14,Albany (NY),AEC,60,Oklahoma,F
23,20-Mar-2015,2015,1,C,F,7,Michigan State,Big Ten,70,Michigan State,F
23,20-Mar-2015,2015,1,C,U,10,Georgia,SEC,63,Michigan State,F
24,20-Mar-2015,2015,1,C,F,2,Virginia,ACC,79,Virginia,F
24,20-Mar-2015,2015,1,C,U,15,Belmont,OVC,67,Virginia,F
25,20-Mar-2015,2015,1,D,F,1,Duke,ACC,85,Duke,F
25,20-Mar-2015,2015,1,D,U,16,Robert Morris,NEC,56,Duke,F
26,20-Mar-2015,2015,1,D,F,8,San Diego State,MWC,76,San Diego State,F
26,20-Mar-2015,2015,1,D,U,9,St. John's (NY),Big East,64,San Diego State,F
27,19-Mar-2015,2015,1,D,F,5,Utah,Pac-12,57,Utah,F
27,19-Mar-2015,2015,1,D,U,12,Stephen F. Austin,Southland,50,Utah,F
28,19-Mar-2015,2015,1,D,F,4,Georgetown,Big East,84,Georgetown,F
28,19-Mar-2015,2015,1,D,U,13,Eastern Washington,Big Sky,74,Georgetown,F
29,19-Mar-2015,2015,1,D,F,6,Southern Methodist,AAC,59,UCLA,U
29,19-Mar-2015,2015,1,D,U,11,UCLA,Pac-12,60,UCLA,U
30,19-Mar-2015,2015,1,D,F,3,Iowa State,Big 12,59,Alabama-Birmingham,U
30,19-Mar-2015,2015,1,D,U,14,Alabama-Birmingham,CUSA,60,Alabama-Birmingham,U
31,20-Mar-2015,2015,1,D,F,7,Iowa,Big Ten,83,Iowa,F
31,20-Mar-2015,2015,1,D,U,10,Davidson,A-10,52,Iowa,F
32,20-Mar-2015,2015,1,D,F,2,Gonzaga,WCC,86,Gonzaga,F
32,20-Mar-2015,2015,1,D,U,15,North Dakota State,Summit,76,Gonzaga,F
33,21-Mar-2015,2015,2,A,F,1,Kentucky,SEC,64,Kentucky,F
33,21-Mar-2015,2015,2,A,U,8,Cincinnati,AAC,51,Kentucky,F
34,22-Mar-2015,2015,2,A,F,4,Maryland,Big Ten,59,West Virginia,U
34,22-Mar-2015,2015,2,A,U,5,West Virginia,Big 12,69,West Virginia,U
35,21-Mar-2015,2015,2,A,F,3,Notre Dame,ACC,67,Notre Dame,F
35,21-Mar-2015,2015,2,A,U,6,Butler,Big East,64,Notre Dame,F
36,22-Mar-2015,2015,2,A,F,2,Kansas,Big 12,65,Wichita State,U
36,22-Mar-2015,2015,2,A,U,7,Wichita State,AAC,78,Wichita State,U
37,22-Mar-2015,2015,2,B,F,1,Wisconsin,Big Ten,72,Wisconsin,F
37,22-Mar-2015,2015,2,B,U,8,Oregon,Pac-12,65,Wisconsin,F
38,21-Mar-2015,2015,2,B,F,6,Xavier,Big East,75,Xavier,F
38,21-Mar-2015,2015,2,B,U,14,Georgia State,Sun Belt,67,Xavier,F
39,21-Mar-2015,2015,2,B,F,4,North Carolina,ACC,87,North Carolina,F
39,21-Mar-2015,2015,2,B,U,5,Arkansas,SEC,78,North Carolina,F
40,21-Mar-2015,2015,2,B,F,2,Arizona,Pac-12,73,Arizona,F
40,21-Mar-2015,2015,2,B,U,10,Ohio State,Big Ten,58,Arizona,F
41,21-Mar-2015,2015,2,C,F,1,Villanova,Big East,68,North Carolina State,U
41,21-Mar-2015,2015,2,C,U,8,North Carolina State,ACC,71,North Carolina State,U
42,22-Mar-2015,2015,2,C,F,4,Louisville,ACC,66,Louisville,F
42,22-Mar-2015,2015,2,C,U,5,Northern Iowa,MVC,53,Louisville,F
43,22-Mar-2015,2015,2,C,F,3,Oklahoma,Big 12,72,Oklahoma,F
43,22-Mar-2015,2015,2,C,U,11,Dayton,A-10,66,Oklahoma,F
44,22-Mar-2015,2015,2,C,F,2,Virginia,ACC,54,Michigan State,U
44,22-Mar-2015,2015,2,C,U,7,Michigan State,Big Ten,60,Michigan State,U
45,22-Mar-2015,2015,2,D,F,1,Duke,ACC,68,Duke,F
45,22-Mar-2015,2015,2,D,U,8,San Diego State,MWC,49,Duke,F
46,21-Mar-2015,2015,2,D,F,11,UCLA,Pac-12,92,UCLA,F
46,21-Mar-2015,2015,2,D,U,14,Alabama-Birmingham,CUSA,75,UCLA,F
47,21-Mar-2015,2015,2,D,F,4,Georgetown,Big East,64,Utah,U
47,21-Mar-2015,2015,2,D,U,5,Utah,Pac-12,75,Utah,U
48,22-Mar-2015,2015,2,D,F,2,Gonzaga,WCC,87,Gonzaga,F
48,22-Mar-2015,2015,2,D,U,7,Iowa,Big Ten,69,Gonzaga,F
49,26-Mar-2015,2015,3,A,F,1,Kentucky,SEC,78,Kentucky,F
49,26-Mar-2015,2015,3,A,U,5,West Virginia,Big 12,39,Kentucky,F
50,26-Mar-2015,2015,3,A,F,3,Notre Dame,ACC,81,Notre Dame,F
50,26-Mar-2015,2015,3,A,U,7,Wichita State,AAC,70,Notre Dame,F
51,26-Mar-2015,2015,3,B,F,1,Wisconsin,Big Ten,79,Wisconsin,F
51,26-Mar-2015,2015,3,B,U,4,North Carolina,ACC,72,Wisconsin,F
52,26-Mar-2015,2015,3,B,F,2,Arizona,Pac-12,68,Arizona,F
52,26-Mar-2015,2015,3,B,U,6,Xavier,Big East,60,Arizona,F
53,27-Mar-2015,2015,3,C,F,3,Oklahoma,Big 12,58,Michigan State,U
53,27-Mar-2015,2015,3,C,U,7,Michigan State,Big Ten,62,Michigan State,U
54,27-Mar-2015,2015,3,C,F,4,Louisville,ACC,75,Louisville,F
54,27-Mar-2015,2015,3,C,U,8,North Carolina State,ACC,65,Louisville,F
55,27-Mar-2015,2015,3,D,F,1,Duke,ACC,63,Duke,F
55,27-Mar-2015,2015,3,D,U,5,Utah,Pac-12,57,Duke,F
56,27-Mar-2015,2015,3,D,F,2,Gonzaga,WCC,74,Gonzaga,F
56,27-Mar-2015,2015,3,D,U,11,UCLA,Pac-12,62,Gonzaga,F
57,28-Mar-2015,2015,4,A,F,1,Kentucky,SEC,68,Kentucky,F
57,28-Mar-2015,2015,4,A,U,3,Notre Dame,ACC,66,Kentucky,F
58,28-Mar-2015,2015,4,B,F,1,Wisconsin,Big Ten,85,Wisconsin,F
58,28-Mar-2015,2015,4,B,U,2,Arizona,Pac-12,78,Wisconsin,F
59,29-Mar-2015,2015,4,C,F,4,Louisville,ACC,70,Michigan State,U
59,29-Mar-2015,2015,4,C,U,7,Michigan State,Big Ten,76,Michigan State,U
60,29-Mar-2015,2015,4,D,F,1,Duke,ACC,66,Duke,F
60,29-Mar-2015,2015,4,D,U,2,Gonzaga,WCC,52,Duke,F
61,04-Apr-2015,2015,5,E,F,1,Kentucky,SEC,64,Wisconsin,U
61,04-Apr-2015,2015,5,E,U,1,Wisconsin,Big Ten,71,Wisconsin,U
62,04-Apr-2015,2015,5,F,F,1,Duke,ACC,81,Duke,F
62,04-Apr-2015,2015,5,F,U,7,Michigan State,Big Ten,61,Duke,F
63,06-Apr-2015,2015,6,G,F,1,Wisconsin,Big Ten,63,Duke,U
63,06-Apr-2015,2015,6,G,U,1,Duke,ACC,68,Duke,U
-3,17-Mar-2015,2015,PI,A,F,16,Manhattan,MAAC,64,Hampton,U
-3,17-Mar-2015,2015,PI,A,U,16,Hampton,Big South,74,Hampton,U
-1,17-Mar-2015,2015,PI,B,F,11,Brigham Young,WCC,90,Mississippi,U
-1,17-Mar-2015,2015,PI,B,U,11,Mississippi,SEC,94,Mississippi,U
-4,18-Mar-2015,2015,PI,C,F,11,Dayton,A-10,56,Dayton,F
-4,18-Mar-2015,2015,PI,C,U,11,Boise State,MWC,55,Dayton,F
-2,18-Mar-2015,2015,PI,D,F,16,North Florida,A-Sun,77,Robert Morris,U
-2,18-Mar-2015,2015,PI,D,U,16,Robert Morris,NEC,81,Robert Morris,U
1,17-Mar-2016,2016,1,A,F,1,Kansas,Big 12,105,Kansas,F
1,17-Mar-2016,2016,1,A,U,16,Austin Peay,OVC,79,Kansas,F
2,17-Mar-2016,2016,1,A,F,8,Connecticut,AAC,74,Connecticut,F
2,17-Mar-2016,2016,1,A,U,9,Colorado,Pac-12,67,Connecticut,F
3,18-Mar-2016,2016,1,A,F,5,Maryland,Big Ten,79,Maryland,F
3,18-Mar-2016,2016,1,A,U,12,South Dakota State,Summit,74,Maryland,F
4,18-Mar-2016,2016,1,A,F,4,University of California,Pac-12,66,Hawaii,U
4,18-Mar-2016,2016,1,A,U,13,Hawaii,Big West,77,Hawaii,U
5,17-Mar-2016,2016,1,A,F,6,Arizona,Pac-12,55,Wichita State,U
5,17-Mar-2016,2016,1,A,U,11,Wichita State,AAC,65,Wichita State,U
6,17-Mar-2016,2016,1,A,F,3,Miami (FL),ACC,79,Miami (FL),F
6,17-Mar-2016,2016,1,A,U,14,Buffalo,MAC (East),72,Miami (FL),F
7,18-Mar-2016,2016,1,A,F,7,Iowa,Big Ten,72,Iowa,F
7,18-Mar-2016,2016,1,A,U,10,Temple,AAC,70,Iowa,F
8,18-Mar-2016,2016,1,A,F,2,Villanova,Big East,86,Villanova,F
8,18-Mar-2016,2016,1,A,U,15,North Carolina-Asheville,Big South,56,Villanova,F
9,18-Mar-2016,2016,1,B,F,1,Oregon,Pac-12,91,Oregon,F
9,18-Mar-2016,2016,1,B,U,16,Holy Cross,Patriot,52,Oregon,F
10,18-Mar-2016,2016,1,B,F,8,Cincinnati,AAC,76,Saint Joseph's,U
10,18-Mar-2016,2016,1,B,U,9,Saint Joseph's,A-10,78,Saint Joseph's,U
11,17-Mar-2016,2016,1,B,F,5,Baylor,Big 12,75,Yale,U
11,17-Mar-2016,2016,1,B,U,12,Yale,Ivy,79,Yale,U
12,17-Mar-2016,2016,1,B,F,4,Duke,ACC,93,Duke,F
12,17-Mar-2016,2016,1,B,U,13,North Carolina-Wilmington,CAA,85,Duke,F
13,18-Mar-2016,2016,1,B,F,6,Texas,Big 12,72,Northern Iowa,U
13,18-Mar-2016,2016,1,B,U,11,Northern Iowa,MVC,75,Northern Iowa,U
14,18-Mar-2016,2016,1,B,F,3,Texas A&M,SEC,92,Texas A&M,F
14,18-Mar-2016,2016,1,B,U,14,Green Bay,Horizon,65,Texas A&M,F
15,18-Mar-2016,2016,1,B,F,7,Virginia Commonwealth,A-10,75,Virginia Commonwealth,F
15,18-Mar-2016,2016,1,B,U,10,Oregon State,Pac-12,67,Virginia Commonwealth,F
16,18-Mar-2016,2016,1,B,F,2,Oklahoma,Big 12,82,Oklahoma,F
16,18-Mar-2016,2016,1,B,U,15,Cal State Bakersfield,WAC,68,Oklahoma,F
17,17-Mar-2016,2016,1,C,F,1,North Carolina,ACC,83,North Carolina,F
17,17-Mar-2016,2016,1,C,U,16,Florida Gulf Coast,A-Sun,67,North Carolina,F
18,17-Mar-2016,2016,1,C,F,8,Providence,Big East,70,Providence,F
18,17-Mar-2016,2016,1,C,U,9,Southern California,Pac-12,69,Providence,F
19,17-Mar-2016,2016,1,C,F,5,Indiana,Big Ten,99,Indiana,F
19,17-Mar-2016,2016,1,C,U,12,Chattanooga,Southern,74,Indiana,F
20,17-Mar-2016,2016,1,C,F,4,Kentucky,SEC,85,Kentucky,F
20,17-Mar-2016,2016,1,C,U,13,Stony Brook,AEC,57,Kentucky,F
21,18-Mar-2016,2016,1,C,F,6,Notre Dame,ACC,70,Notre Dame,F
21,18-Mar-2016,2016,1,C,U,11,Michigan,Big Ten,63,Notre Dame,F
22,18-Mar-2016,2016,1,C,F,3,West Virginia,Big 12,56,Stephen F. Austin,U
22,18-Mar-2016,2016,1,C,U,14,Stephen F. Austin,Southland,70,Stephen F. Austin,U
23,18-Mar-2016,2016,1,C,F,7,Pittsburgh,ACC,43,Wisconsin,U
23,18-Mar-2016,2016,1,C,U,10,Wisconsin,Big Ten,47,Wisconsin,U
24,18-Mar-2016,2016,1,C,F,2,Xavier,Big East,71,Xavier,F
24,18-Mar-2016,2016,1,C,U,15,Weber State,Big Sky,53,Xavier,F
25,17-Mar-2016,2016,1,D,F,1,Virginia,ACC,81,Virginia,F
25,17-Mar-2016,2016,1,D,U,16,Hampton,Big South,45,Virginia,F
26,17-Mar-2016,2016,1,D,F,8,Texas Tech,Big 12,61,Butler,U
26,17-Mar-2016,2016,1,D,U,9,Butler,Big East,71,Butler,U
27,17-Mar-2016,2016,1,D,F,5,Purdue,Big Ten,83,Little Rock,U
27,17-Mar-2016,2016,1,D,U,12,Little Rock,Sun Belt,85,Little Rock,U
28,17-Mar-2016,2016,1,D,F,4,Iowa State,Big 12,94,Iowa State,F
28,17-Mar-2016,2016,1,D,U,13,Iona,MAAC,81,Iowa State,F
29,17-Mar-2016,2016,1,D,F,6,Seton Hall,Big East,52,Gonzaga,U
29,17-Mar-2016,2016,1,D,U,11,Gonzaga,WCC,68,Gonzaga,U
30,17-Mar-2016,2016,1,D,F,3,Utah,Pac-12,80,Utah,F
30,17-Mar-2016,2016,1,D,U,14,Fresno State,MWC,69,Utah,F
31,18-Mar-2016,2016,1,D,F,7,Dayton,A-10,51,Syracuse,U
31,18-Mar-2016,2016,1,D,U,10,Syracuse,ACC,70,Syracuse,U
32,18-Mar-2016,2016,1,D,F,2,Michigan State,Big Ten,81,Middle Tennessee,U
32,18-Mar-2016,2016,1,D,U,15,Middle Tennessee,CUSA,90,Middle Tennessee,U
33,19-Mar-2016,2016,2,A,F,1,Kansas,Big 12,73,Kansas,F
33,19-Mar-2016,2016,2,A,U,9,Connecticut,AAC,61,Kansas,F
34,20-Mar-2016,2016,2,A,F,5,Maryland,Big Ten,73,Maryland,F
34,20-Mar-2016,2016,2,A,U,13,Hawaii,Big West,60,Maryland,F
35,19-Mar-2016,2016,2,A,F,3,Miami (FL),ACC,65,Miami (FL),F
35,19-Mar-2016,2016,2,A,U,11,Wichita State,AAC,57,Miami (FL),F
36,20-Mar-2016,2016,2,A,F,2,Villanova,Big East,87,Villanova,F
36,20-Mar-2016,2016,2,A,U,7,Iowa,Big Ten,68,Villanova,F
37,20-Mar-2016,2016,2,B,F,1,Oregon,Pac-12,69,Oregon,F
37,20-Mar-2016,2016,2,B,U,8,Saint Joseph's,A-10,64,Oregon,F
38,19-Mar-2016,2016,2,B,F,4,Duke,ACC,71,Duke,F
38,19-Mar-2016,2016,2,B,U,12,Yale,Ivy,64,Duke,F
39,20-Mar-2016,2016,2,B,F,3,Texas A&M,SEC,92,Texas A&M,F
39,20-Mar-2016,2016,2,B,U,11,Northern Iowa,MVC,88,Texas A&M,F
40,20-Mar-2016,2016,2,B,F,2,Oklahoma,Big 12,85,Oklahoma,F
40,20-Mar-2016,2016,2,B,U,10,Virginia Commonwealth,A-10,81,Oklahoma,F
41,19-Mar-2016,2016,2,C,F,1,North Carolina,ACC,85,North Carolina,F
41,19-Mar-2016,2016,2,C,U,9,Providence,Big East,66,North Carolina,F
42,20-Mar-2016,2016,2,C,F,6,Notre Dame,ACC,76,Notre Dame,F
42,20-Mar-2016,2016,2,C,U,14,Stephen F. Austin,Southland,75,Notre Dame,F
43,19-Mar-2016,2016,2,C,F,4,Kentucky,SEC,67,Indiana,U
43,19-Mar-2016,2016,2,C,U,5,Indiana,Big Ten,73,Indiana,U
44,20-Mar-2016,2016,2,C,F,2,Xavier,Big East,63,Wisconsin,U
44,20-Mar-2016,2016,2,C,U,7,Wisconsin,Big Ten,66,Wisconsin,U
45,19-Mar-2016,2016,2,D,F,1,Virginia,ACC,77,Virginia,F
45,19-Mar-2016,2016,2,D,U,9,Butler,Big East,69,Virginia,F
46,20-Mar-2016,2016,2,D,F,10,Syracuse,ACC,75,Syracuse,F
46,20-Mar-2016,2016,2,D,U,15,Middle Tennessee,CUSA,50,Syracuse,F
47,19-Mar-2016,2016,2,D,F,4,Iowa State,Big 12,78,Iowa State,F
47,19-Mar-2016,2016,2,D,U,12,Little Rock,Sun Belt,61,Iowa State,F
48,19-Mar-2016,2016,2,D,F,3,Utah,Pac-12,59,Gonzaga,U
48,19-Mar-2016,2016,2,D,U,11,Gonzaga,WCC,82,Gonzaga,U
49,24-Mar-2016,2016,3,A,F,1,Kansas,Big 12,79,Kansas,F
49,24-Mar-2016,2016,3,A,U,5,Maryland,Big Ten,63,Kansas,F
50,24-Mar-2016,2016,3,A,F,2,Villanova,Big East,92,Villanova,F
50,24-Mar-2016,2016,3,A,U,3,Miami (FL),ACC,69,Villanova,F
51,24-Mar-2016,2016,3,B,F,1,Oregon,Pac-12,82,Oregon,F
51,24-Mar-2016,2016,3,B,U,4,Duke,ACC,68,Oregon,F
52,24-Mar-2016,2016,3,B,F,2,Oklahoma,Big 12,77,Oklahoma,F
52,24-Mar-2016,2016,3,B,U,3,Texas A&M,SEC,63,Oklahoma,F
53,25-Mar-2016,2016,3,C,F,1,North Carolina,ACC,101,North Carolina,F
53,25-Mar-2016,2016,3,C,U,5,Indiana,Big Ten,86,North Carolina,F
54,25-Mar-2016,2016,3,C,F,6,Notre Dame,ACC,61,Notre Dame,F
54,25-Mar-2016,2016,3,C,U,7,Wisconsin,Big Ten,56,Notre Dame,F
55,25-Mar-2016,2016,3,D,F,1,Virginia,ACC,84,Virginia,F
55,25-Mar-2016,2016,3,D,U,4,Iowa State,Big 12,71,Virginia,F
56,25-Mar-2016,2016,3,D,F,10,Syracuse,ACC,63,Syracuse,F
56,25-Mar-2016,2016,3,D,U,11,Gonzaga,WCC,60,Syracuse,F
57,26-Mar-2016,2016,4,A,F,1,Kansas,Big 12,59,Villanova,U
57,26-Mar-2016,2016,4,A,U,2,Villanova,Big East,64,Villanova,U
58,26-Mar-2016,2016,4,B,F,1,Oregon,Pac-12,68,Oklahoma,U
58,26-Mar-2016,2016,4,B,U,2,Oklahoma,Big 12,80,Oklahoma,U
59,27-Mar-2016,2016,4,C,F,1,North Carolina,ACC,88,North Carolina,F
59,27-Mar-2016,2016,4,C,U,6,Notre Dame,ACC,74,North Carolina,F
60,27-Mar-2016,2016,4,D,F,1,Virginia,ACC,62,Syracuse,U
60,27-Mar-2016,2016,4,D,U,10,Syracuse,ACC,68,Syracuse,U
61,02-Apr-2016,2016,5,E,F,2,Villanova,Big East,95,Villanova,F
61,02-Apr-2016,2016,5,E,U,2,Oklahoma,Big 12,51,Villanova,F
62,02-Apr-2016,2016,5,F,F,1,North Carolina,ACC,83,North Carolina,F
62,02-Apr-2016,2016,5,F,U,10,Syracuse,ACC,66,North Carolina,F
63,04-Apr-2016,2016,6,G,F,1,North Carolina,ACC,74,Villanova,U
63,04-Apr-2016,2016,6,G,U,2,Villanova,Big East,77,Villanova,U
-2,15-Mar-2016,2016,PI,A,F,11,Wichita State,AAC,70,Wichita State,F
-2,15-Mar-2016,2016,PI,A,U,11,Vanderbilt,SEC,50,Wichita State,F
-1,16-Mar-2016,2016,PI,B,F,16,Southern,SWAC,55,Holy Cross,U
-1,16-Mar-2016,2016,PI,B,U,16,Holy Cross,Patriot,59,Holy Cross,U
-4,16-Mar-2016,2016,PI,C,F,11,Michigan,Big Ten,67,Michigan,F
-4,16-Mar-2016,2016,PI,C,U,11,Tulsa,AAC,62,Michigan,F
-3,15-Mar-2016,2016,PI,C,F,16,Florida Gulf Coast,A-Sun,96,Florida Gulf Coast,F
-3,15-Mar-2016,2016,PI,C,U,16,Fairleigh Dickinson,NEC,65,Florida Gulf Coast,F
1,16-Mar-2017,2017,1,A,F,1,Villanova,Big East,76,Villanova,F
1,16-Mar-2017,2017,1,A,U,16,Mount St. Mary's,NEC,56,Villanova,F
2,16-Mar-2017,2017,1,A,F,8,Wisconsin,Big Ten,84,Wisconsin,F
2,16-Mar-2017,2017,1,A,U,9,Virginia Tech,ACC,74,Wisconsin,F
3,16-Mar-2017,2017,1,A,F,5,Virginia,ACC,76,Virginia,F
3,16-Mar-2017,2017,1,A,U,12,North Carolina-Wilmington,CAA,71,Virginia,F
4,16-Mar-2017,2017,1,A,F,4,Florida,SEC,80,Florida,F
4,16-Mar-2017,2017,1,A,U,13,East Tennessee State,Southern,65,Florida,F
5,17-Mar-2017,2017,1,A,F,6,Southern Methodist,AAC,65,Southern California,U
5,17-Mar-2017,2017,1,A,U,11,Southern California,Pac-12,66,Southern California,U
6,17-Mar-2017,2017,1,A,F,3,Baylor,Big 12,91,Baylor,F
6,17-Mar-2017,2017,1,A,U,14,New Mexico State,WAC,73,Baylor,F
7,17-Mar-2017,2017,1,A,F,7,South Carolina,SEC,93,South Carolina,F
7,17-Mar-2017,2017,1,A,U,10,Marquette,Big East,73,South Carolina,F
8,17-Mar-2017,2017,1,A,F,2,Duke,ACC,87,Duke,F
8,17-Mar-2017,2017,1,A,U,15,Troy,Sun Belt,65,Duke,F
9,16-Mar-2017,2017,1,B,F,1,Gonzaga,WCC,66,Gonzaga,F
9,16-Mar-2017,2017,1,B,U,16,San Diego State,MWC,46,Gonzaga,F
10,16-Mar-2017,2017,1,B,F,8,Vanderbilt,SEC,66,Northwestern,U
10,16-Mar-2017,2017,1,B,U,9,Northwestern,Big Ten,68,Northwestern,U
11,16-Mar-2017,2017,1,B,F,5,Notre Dame,ACC,60,Notre Dame,F
11,16-Mar-2017,2017,1,B,U,12,Princeton,Ivy,58,Notre Dame,F
12,16-Mar-2017,2017,1,B,F,4,West Virginia,Big 12,86,West Virginia,F
12,16-Mar-2017,2017,1,B,U,13,Bucknell,Patriot,80,West Virginia,F
13,16-Mar-2017,2017,1,B,F,6,Maryland,Big Ten,65,Xavier,U
13,16-Mar-2017,2017,1,B,U,11,Xavier,Big East,76,Xavier,U
14,16-Mar-2017,2017,1,B,F,3,Florida State,ACC,86,Florida State,F
14,16-Mar-2017,2017,1,B,U,14,Florida Gulf Coast,A-Sun,80,Florida State,F
15,16-Mar-2017,2017,1,B,F,7,Saint Mary's (CA),WCC,85,Saint Mary's (CA),F
15,16-Mar-2017,2017,1,B,U,10,Virginia Commonwealth,A-10,77,Saint Mary's (CA),F
16,16-Mar-2017,2017,1,B,F,2,Arizona,Pac-12,100,Arizona,F
16,16-Mar-2017,2017,1,B,U,15,North Dakota,Summit,82,Arizona,F
17,17-Mar-2017,2017,1,C,F,1,Kansas,Big 12,100,Kansas,F
17,17-Mar-2017,2017,1,C,U,16,UC-Davis,Big West,62,Kansas,F
18,17-Mar-2017,2017,1,C,F,8,Michigan State,Big Ten,78,Michigan State,F
18,17-Mar-2017,2017,1,C,U,9,Miami (FL),ACC,58,Michigan State,F
19,16-Mar-2017,2017,1,C,F,5,Iowa State,Big 12,84,Iowa State,F
19,16-Mar-2017,2017,1,C,U,12,Nevada,MWC,73,Iowa State,F
20,16-Mar-2017,2017,1,C,F,4,Purdue,Big Ten,80,Purdue,F
20,16-Mar-2017,2017,1,C,U,13,Vermont,AEC,70,Purdue,F
21,17-Mar-2017,2017,1,C,F,6,Creighton,Big East,72,Rhode Island,U
21,17-Mar-2017,2017,1,C,U,11,Rhode Island,A-10,84,Rhode Island,U
22,17-Mar-2017,2017,1,C,F,3,Oregon,Pac-12,93,Oregon,F
22,17-Mar-2017,2017,1,C,U,14,Iona,MAAC,77,Oregon,F
23,17-Mar-2017,2017,1,C,F,7,Michigan,Big Ten,92,Michigan,F
23,17-Mar-2017,2017,1,C,U,10,Oklahoma State,Big 12,91,Michigan,F
24,17-Mar-2017,2017,1,C,F,2,Louisville,ACC,78,Louisville,F
24,17-Mar-2017,2017,1,C,U,15,Jacksonville State,OVC,63,Louisville,F
25,17-Mar-2017,2017,1,D,F,1,North Carolina,ACC,103,North Carolina,F
25,17-Mar-2017,2017,1,D,U,16,Texas Southern,SWAC,64,North Carolina,F
26,17-Mar-2017,2017,1,D,F,8,Arkansas,SEC,77,Arkansas,F
26,17-Mar-2017,2017,1,D,U,9,Seton Hall,Big East,71,Arkansas,F
27,16-Mar-2017,2017,1,D,F,5,Minnesota,Big Ten,72,Middle Tennessee,U
27,16-Mar-2017,2017,1,D,U,12,Middle Tennessee,CUSA,81,Middle Tennessee,U
28,16-Mar-2017,2017,1,D,F,4,Butler,Big East,76,Butler,F
28,16-Mar-2017,2017,1,D,U,13,Winthrop,Big South,64,Butler,F
29,17-Mar-2017,2017,1,D,F,6,Cincinnati,AAC,75,Cincinnati,F
29,17-Mar-2017,2017,1,D,U,11,Kansas State,Big 12,61,Cincinnati,F
30,17-Mar-2017,2017,1,D,F,3,UCLA,Pac-12,97,UCLA,F
30,17-Mar-2017,2017,1,D,U,14,Kent State,MAC (East),80,UCLA,F
31,17-Mar-2017,2017,1,D,F,7,Wichita State,AAC,64,Wichita State,F
31,17-Mar-2017,2017,1,D,U,10,Dayton,A-10,58,Wichita State,F
32,17-Mar-2017,2017,1,D,F,2,Kentucky,SEC,79,Kentucky,F
32,17-Mar-2017,2017,1,D,U,15,Northern Kentucky,Horizon,70,Kentucky,F
33,18-Mar-2017,2017,2,A,F,1,Villanova,Big East,62,Wisconsin,U
33,18-Mar-2017,2017,2,A,U,8,Wisconsin,Big Ten,65,Wisconsin,U
34,18-Mar-2017,2017,2,A,F,4,Florida,SEC,65,Florida,F
34,18-Mar-2017,2017,2,A,U,5,Virginia,ACC,39,Florida,F
35,19-Mar-2017,2017,2,A,F,3,Baylor,Big 12,82,Baylor,F
35,19-Mar-2017,2017,2,A,U,11,Southern California,Pac-12,78,Baylor,F
36,19-Mar-2017,2017,2,A,F,2,Duke,ACC,81,South Carolina,U
36,19-Mar-2017,2017,2,A,U,7,South Carolina,SEC,88,South Carolina,U
37,18-Mar-2017,2017,2,B,F,1,Gonzaga,WCC,79,Gonzaga,F
37,18-Mar-2017,2017,2,B,U,8,Northwestern,Big Ten,73,Gonzaga,F
38,18-Mar-2017,2017,2,B,F,4,West Virginia,Big 12,83,West Virginia,F
38,18-Mar-2017,2017,2,B,U,5,Notre Dame,ACC,71,West Virginia,F
39,18-Mar-2017,2017,2,B,F,3,Florida State,ACC,66,Xavier,U
39,18-Mar-2017,2017,2,B,U,11,Xavier,Big East,91,Xavier,U
40,18-Mar-2017,2017,2,B,F,2,Arizona,Pac-12,69,Arizona,F
40,18-Mar-2017,2017,2,B,U,7,Saint Mary's (CA),WCC,60,Arizona,F
41,19-Mar-2017,2017,2,C,F,1,Kansas,Big 12,90,Kansas,F
41,19-Mar-2017,2017,2,C,U,9,Michigan State,Big Ten,70,Kansas,F
42,18-Mar-2017,2017,2,C,F,4,Purdue,Big Ten,80,Purdue,F
42,18-Mar-2017,2017,2,C,U,5,Iowa State,Big 12,76,Purdue,F
43,19-Mar-2017,2017,2,C,F,3,Oregon,Pac-12,75,Oregon,F
43,19-Mar-2017,2017,2,C,U,11,Rhode Island,A-10,72,Oregon,F
44,19-Mar-2017,2017,2,C,F,2,Louisville,ACC,69,Michigan,U
44,19-Mar-2017,2017,2,C,U,7,Michigan,Big Ten,73,Michigan,U
45,19-Mar-2017,2017,2,D,F,1,North Carolina,ACC,72,North Carolina,F
45,19-Mar-2017,2017,2,D,U,8,Arkansas,SEC,65,North Carolina,F
46,18-Mar-2017,2017,2,D,F,4,Butler,Big East,74,Butler,F
46,18-Mar-2017,2017,2,D,U,12,Middle Tennessee,CUSA,65,Butler,F
47,19-Mar-2017,2017,2,D,F,3,UCLA,Pac-12,79,UCLA,F
47,19-Mar-2017,2017,2,D,U,6,Cincinnati,AAC,67,UCLA,F
48,19-Mar-2017,2017,2,D,F,2,Kentucky,SEC,65,Kentucky,F
48,19-Mar-2017,2017,2,D,U,10,Wichita State,AAC,62,Kentucky,F
49,24-Mar-2017,2017,3,A,F,3,Baylor,Big 12,50,South Carolina,U
49,24-Mar-2017,2017,3,A,U,7,South Carolina,SEC,70,South Carolina,U
50,24-Mar-2017,2017,3,A,F,4,Florida,SEC,84,Florida,F
50,24-Mar-2017,2017,3,A,U,8,Wisconsin,Big Ten,83,Florida,F
51,23-Mar-2017,2017,3,B,F,1,Gonzaga,WCC,61,Gonzaga,F
51,23-Mar-2017,2017,3,B,U,4,West Virginia,Big 12,58,Gonzaga,F
52,23-Mar-2017,2017,3,B,F,2,Arizona,Pac-12,71,Xavier,U
52,23-Mar-2017,2017,3,B,U,11,Xavier,Big East,73,Xavier,U
53,23-Mar-2017,2017,3,C,F,1,Kansas,Big 12,98,Kansas,F
53,23-Mar-2017,2017,3,C,U,4,Purdue,Big Ten,66,Kansas,F
54,23-Mar-2017,2017,3,C,F,3,Oregon,Pac-12,69,Oregon,F
54,23-Mar-2017,2017,3,C,U,7,Michigan,Big Ten,68,Oregon,F
55,24-Mar-2017,2017,3,D,F,1,North Carolina,ACC,92,North Carolina,F
55,24-Mar-2017,2017,3,D,U,4,Butler,Big East,80,North Carolina,F
56,24-Mar-2017,2017,3,D,F,2,Kentucky,SEC,86,Kentucky,F
56,24-Mar-2017,2017,3,D,U,3,UCLA,Pac-12,75,Kentucky,F
57,26-Mar-2017,2017,4,A,F,4,Florida,SEC,70,South Carolina,U
57,26-Mar-2017,2017,4,A,U,7,South Carolina,SEC,77,South Carolina,U
58,25-Mar-2017,2017,4,B,F,1,Gonzaga,WCC,83,Gonzaga,F
58,25-Mar-2017,2017,4,B,U,11,Xavier,Big East,59,Gonzaga,F
59,25-Mar-2017,2017,4,C,F,1,Kansas,Big 12,60,Oregon,U
59,25-Mar-2017,2017,4,C,U,3,Oregon,Pac-12,74,Oregon,U
60,26-Mar-2017,2017,4,D,F,1,North Carolina,ACC,75,North Carolina,F
60,26-Mar-2017,2017,4,D,U,2,Kentucky,SEC,73,North Carolina,F
61,01-Apr-2017,2017,5,E,F,1,Gonzaga,WCC,77,Gonzaga,F
61,01-Apr-2017,2017,5,E,U,7,South Carolina,SEC,73,Gonzaga,F
62,01-Apr-2017,2017,5,F,F,1,North Carolina,ACC,77,North Carolina,F
62,01-Apr-2017,2017,5,F,U,3,Oregon,Pac-12,76,North Carolina,F
63,03-Apr-2017,2017,6,G,F,1,Gonzaga,WCC,65,North Carolina,U
63,03-Apr-2017,2017,6,G,U,1,North Carolina,ACC,71,North Carolina,U
-4,15-Mar-2017,2017,PI,A,F,11,Southern California,Pac-12,75,Southern California,F
-4,15-Mar-2017,2017,PI,A,U,11,Providence,Big East,71,Southern California,F
-3,14-Mar-2017,2017,PI,A,F,16,New Orleans,Southland,66,Mount St. Mary's,U
-3,14-Mar-2017,2017,PI,A,U,16,Mount St. Mary's,NEC,67,Mount St. Mary's,U
-2,15-Mar-2017,2017,PI,C,F,16,North Carolina Central,MEAC,63,UC-Davis,U
-2,15-Mar-2017,2017,PI,C,U,16,UC-Davis,Big West,67,UC-Davis,U
-1,14-Mar-2017,2017,PI,D,F,11,Kansas State,Big 12,95,Kansas State,F
-1,14-Mar-2017,2017,PI,D,U,11,Wake Forest,ACC,88,Kansas State,F
1,16-Mar-2018,2018,1,A,F,1,Virginia,ACC,54,Maryland-Baltimore County,U
1,16-Mar-2018,2018,1,A,U,16,Maryland-Baltimore County,AEC,74,Maryland-Baltimore County,U
2,16-Mar-2018,2018,1,A,F,8,Creighton,Big East,59,Kansas State,U
2,16-Mar-2018,2018,1,A,U,9,Kansas State,Big 12,69,Kansas State,U
3,15-Mar-2018,2018,1,A,F,5,Kentucky,SEC,78,Kentucky,F
3,15-Mar-2018,2018,1,A,U,12,Davidson,A-10,73,Kentucky,F
4,15-Mar-2018,2018,1,A,F,4,Arizona,Pac-12,68,Buffalo,U
4,15-Mar-2018,2018,1,A,U,13,Buffalo,MAC (East),89,Buffalo,U
5,15-Mar-2018,2018,1,A,F,6,Miami (FL),ACC,62,Loyola (IL),U
5,15-Mar-2018,2018,1,A,U,11,Loyola (IL),MVC,64,Loyola (IL),U
6,15-Mar-2018,2018,1,A,F,3,Tennessee,SEC,73,Tennessee,F
6,15-Mar-2018,2018,1,A,U,14,Wright State,Horizon,47,Tennessee,F
7,16-Mar-2018,2018,1,A,F,7,Nevada,MWC,87,Nevada,F
7,16-Mar-2018,2018,1,A,U,10,Texas,Big 12,83,Nevada,F
8,16-Mar-2018,2018,1,A,F,2,Cincinnati,AAC,68,Cincinnati,F
8,16-Mar-2018,2018,1,A,U,15,Georgia State,Sun Belt,53,Cincinnati,F
9,16-Mar-2018,2018,1,B,F,1,Xavier,Big East,102,Xavier,F
9,16-Mar-2018,2018,1,B,U,16,Texas Southern,SWAC,83,Xavier,F
10,16-Mar-2018,2018,1,B,F,8,Florida State,ACC,67,Florida State,F
10,16-Mar-2018,2018,1,B,U,9,Missouri,SEC,54,Florida State,F
11,15-Mar-2018,2018,1,B,F,5,Ohio State,Big Ten,81,Ohio State,F
11,15-Mar-2018,2018,1,B,U,12,South Dakota State,Summit,73,Ohio State,F
12,15-Mar-2018,2018,1,B,F,4,Gonzaga,WCC,68,Gonzaga,F
12,15-Mar-2018,2018,1,B,U,13,North Carolina-Greensboro,Southern,64,Gonzaga,F
13,15-Mar-2018,2018,1,B,F,6,Houston,AAC,67,Houston,F
13,15-Mar-2018,2018,1,B,U,11,San Diego State,MWC,65,Houston,F
14,15-Mar-2018,2018,1,B,F,3,Michigan,Big Ten,61,Michigan,F
14,15-Mar-2018,2018,1,B,U,14,Montana,Big Sky,47,Michigan,F
15,16-Mar-2018,2018,1,B,F,7,Texas A&M,SEC,73,Texas A&M,F
15,16-Mar-2018,2018,1,B,U,10,Providence,Big East,69,Texas A&M,F
16,16-Mar-2018,2018,1,B,F,2,North Carolina,ACC,84,North Carolina,F
16,16-Mar-2018,2018,1,B,U,15,Lipscomb,A-Sun,66,North Carolina,F
17,15-Mar-2018,2018,1,C,F,1,Villanova,Big East,87,Villanova,F
17,15-Mar-2018,2018,1,C,U,16,Radford,Big South,61,Villanova,F
18,15-Mar-2018,2018,1,C,F,8,Virginia Tech,ACC,83,Alabama,U
18,15-Mar-2018,2018,1,C,U,9,Alabama,SEC,86,Alabama,U
19,16-Mar-2018,2018,1,C,F,5,West Virginia,Big 12,85,West Virginia,F
19,16-Mar-2018,2018,1,C,U,12,Murray State,OVC,68,West Virginia,F
20,16-Mar-2018,2018,1,C,F,4,Wichita State,AAC,75,Marshall,U
20,16-Mar-2018,2018,1,C,U,13,Marshall,CUSA,81,Marshall,U
21,15-Mar-2018,2018,1,C,F,6,Florida,SEC,77,Florida,F
21,15-Mar-2018,2018,1,C,U,11,St. Bonaventure,A-10,62,Florida,F
22,15-Mar-2018,2018,1,C,F,3,Texas Tech,Big 12,70,Texas Tech,F
22,15-Mar-2018,2018,1,C,U,14,Stephen F. Austin,Southland,60,Texas Tech,F
23,16-Mar-2018,2018,1,C,F,7,Butler,Big East,79,Butler,F
23,16-Mar-2018,2018,1,C,U,10,Arkansas,SEC,62,Butler,F
24,16-Mar-2018,2018,1,C,F,2,Purdue,Big Ten,74,Purdue,F
24,16-Mar-2018,2018,1,C,U,15,Cal State Fullerton,Big West,48,Purdue,F
25,15-Mar-2018,2018,1,D,F,1,Kansas,Big 12,76,Kansas,F
25,15-Mar-2018,2018,1,D,U,16,Pennsylvania,Ivy,60,Kansas,F
26,15-Mar-2018,2018,1,D,F,8,Seton Hall,Big East,94,Seton Hall,F
26,15-Mar-2018,2018,1,D,U,9,North Carolina State,ACC,83,Seton Hall,F
27,16-Mar-2018,2018,1,D,F,5,Clemson,ACC,79,Clemson,F
27,16-Mar-2018,2018,1,D,U,12,New Mexico State,WAC,68,Clemson,F
28,16-Mar-2018,2018,1,D,F,4,Auburn,SEC,62,Auburn,F
28,16-Mar-2018,2018,1,D,U,13,College of Charleston,CAA,58,Auburn,F
29,16-Mar-2018,2018,1,D,F,6,Texas Christian,Big 12,52,Syracuse,U
29,16-Mar-2018,2018,1,D,U,11,Syracuse,ACC,57,Syracuse,U
30,16-Mar-2018,2018,1,D,F,3,Michigan State,Big Ten,82,Michigan State,F
30,16-Mar-2018,2018,1,D,U,14,Bucknell,Patriot,78,Michigan State,F
31,15-Mar-2018,2018,1,D,F,7,Rhode Island,A-10,83,Rhode Island,F
31,15-Mar-2018,2018,1,D,U,10,Oklahoma,Big 12,78,Rhode Island,F
32,15-Mar-2018,2018,1,D,F,2,Duke,ACC,89,Duke,F
32,15-Mar-2018,2018,1,D,U,15,Iona,MAAC,67,Duke,F
33,18-Mar-2018,2018,2,A,F,2,Cincinnati,AAC,73,Nevada,U
33,18-Mar-2018,2018,2,A,U,7,Nevada,MWC,75,Nevada,U
34,17-Mar-2018,2018,2,A,F,13,Buffalo,MAC (East),75,Buffalo,F
34,17-Mar-2018,2018,2,A,U,13,Buffalo,MAC (East),75,Buffalo,U
35,18-Mar-2018,2018,2,A,F,9,Kansas State,Big 12,50,Kansas State,F
35,18-Mar-2018,2018,2,A,U,16,Maryland-Baltimore County,AEC,43,Kansas State,F
36,17-Mar-2018,2018,2,A,F,3,Tennessee,SEC,62,Loyola (IL),U
36,17-Mar-2018,2018,2,A,U,11,Loyola (IL),MVC,63,Loyola (IL),U
37,18-Mar-2018,2018,2,B,F,1,Xavier,Big East,70,Florida State,U
37,18-Mar-2018,2018,2,B,U,9,Florida State,ACC,75,Florida State,U
38,17-Mar-2018,2018,2,B,F,4,Gonzaga,WCC,90,Gonzaga,F
38,17-Mar-2018,2018,2,B,U,5,Ohio State,Big Ten,84,Gonzaga,F
39,17-Mar-2018,2018,2,B,F,3,Michigan,Big Ten,64,Michigan,F
39,17-Mar-2018,2018,2,B,U,6,Houston,AAC,63,Michigan,F
40,18-Mar-2018,2018,2,B,F,2,North Carolina,ACC,65,Texas A&M,U
40,18-Mar-2018,2018,2,B,U,7,Texas A&M,SEC,86,Texas A&M,U
41,17-Mar-2018,2018,2,C,F,1,Villanova,Big East,81,Villanova,F
41,17-Mar-2018,2018,2,C,U,9,Alabama,SEC,58,Villanova,F
42,18-Mar-2018,2018,2,C,F,5,West Virginia,Big 12,89,West Virginia,F
42,18-Mar-2018,2018,2,C,U,13,Marshall,CUSA,62,West Virginia,F
43,17-Mar-2018,2018,2,C,F,3,Texas Tech,Big 12,69,Texas Tech,F
43,17-Mar-2018,2018,2,C,U,6,Florida,SEC,66,Texas Tech,F
44,18-Mar-2018,2018,2,C,F,2,Purdue,Big Ten,76,Purdue,F
44,18-Mar-2018,2018,2,C,U,10,Butler,Big East,73,Purdue,F
45,17-Mar-2018,2018,2,D,F,1,Kansas,Big 12,83,Kansas,F
45,17-Mar-2018,2018,2,D,U,8,Seton Hall,Big East,79,Kansas,F
46,18-Mar-2018,2018,2,D,F,4,Auburn,SEC,53,Clemson,U
46,18-Mar-2018,2018,2,D,U,5,Clemson,ACC,84,Clemson,U
47,18-Mar-2018,2018,2,D,F,3,Michigan State,Big Ten,53,Syracuse,U
47,18-Mar-2018,2018,2,D,U,11,Syracuse,ACC,55,Syracuse,U
48,17-Mar-2018,2018,2,D,F,2,Duke,ACC,87,Duke,F
48,17-Mar-2018,2018,2,D,U,7,Rhode Island,A-10,62,Duke,F
49,22-Mar-2018,2018,3,A,F,5,Kentucky,SEC,58,Kansas,U
49,22-Mar-2018,2018,3,A,U,9,Kansas,Big 12,61,Kansas,U
50,22-Mar-2018,2018,3,A,F,7,Nevada,MWC,68,Loyola (IL),U
50,22-Mar-2018,2018,3,A,U,11,Loyola (IL),MVC,69,Loyola (IL),U
51,22-Mar-2018,2018,3,B,F,3,Michigan,Big Ten,99,Michigan,F
51,22-Mar-2018,2018,3,B,U,7,Texas A&M,SEC,72,Michigan,F
52,22-Mar-2018,2018,3,B,F,4,Gonzaga,WCC,60,Florida State,U
52,22-Mar-2018,2018,3,B,U,9,Florida State,ACC,75,Florida State,U
53,23-Mar-2018,2018,3,C,F,1,Villanova,Big East,90,Villanova,F
53,23-Mar-2018,2018,3,C,U,5,West Virginia,Big 12,78,Villanova,F
54,23-Mar-2018,2018,3,C,F,2,Purdue,Big Ten,65,Texas Tech,U
54,23-Mar-2018,2018,3,C,U,3,Texas Tech,Big 12,78,Texas Tech,U
55,23-Mar-2018,2018,3,D,F,1,Kansas,Big 12,80,Kansas,F
55,23-Mar-2018,2018,3,D,U,5,Clemson,ACC,76,Kansas,F
56,23-Mar-2018,2018,3,D,F,2,Duke,ACC,69,Duke,F
56,23-Mar-2018,2018,3,D,U,11,Syracuse,ACC,65,Duke,F
57,24-Mar-2018,2018,4,A,F,9,Kansas State,Big 12,62,Loyola (IL),U
57,24-Mar-2018,2018,4,A,U,11,Loyola (IL),MVC,78,Loyola (IL),U
58,24-Mar-2018,2018,4,B,F,3,Michigan,Big Ten,58,Michigan,F
58,24-Mar-2018,2018,4,B,U,9,Florida State,ACC,54,Michigan,F
59,25-Mar-2018,2018,4,C,F,1,Villanova,Big East,71,Villanova,F
59,25-Mar-2018,2018,4,C,U,3,Texas Tech,Big 12,59,Villanova,F
60,25-Mar-2018,2018,4,D,F,1,Kansas,Big 12,85,Kansas,F
60,25-Mar-2018,2018,4,D,U,2,Duke,ACC,81,Kansas,F
61,31-Mar-2018,2018,5,E,F,3,Michigan,Big Ten,69,Michigan,F
61,31-Mar-2018,2018,5,E,U,11,Loyola (IL),MVC,57,Michigan,F
62,31-Mar-2018,2018,5,F,F,1,Villanova,Big East,95,Villanova,F
62,31-Mar-2018,2018,5,F,U,1,Kansas,Big 12,79,Villanova,F
63,02-Apr-2018,2018,6,G,F,1,Villanova,Big East,79,Villanova,F
63,02-Apr-2018,2018,6,G,U,3,Michigan,Big Ten,62,Villanova,F
-1,14-Mar-2018,2018,PI,B,F,16,Texas Southern,SWAC,64,Texas Southern,F
-1,14-Mar-2018,2018,PI,B,U,16,North Carolina Central,MEAC,46,Texas Southern,F
-4,13-Mar-2018,2018,PI,C,F,11,UCLA,Pac-12,58,St. Bonaventure,U
-4,13-Mar-2018,2018,PI,C,U,11,St. Bonaventure,A-10,65,St. Bonaventure,U
-3,13-Mar-2018,2018,PI,C,F,16,Radford,Big South,71,Radford,F
-3,13-Mar-2018,2018,PI,C,U,16,Long Island University,NEC,61,Radford,F
-2,14-Mar-2018,2018,PI,D,F,11,Syracuse,ACC,60,Syracuse,F
-2,14-Mar-2018,2018,PI,D,U,11,Arizona State,Pac-12,56,Syracuse,F
1,22-Mar-2019,2019,1,A,F,1,Duke,ACC,85,Duke,F
1,22-Mar-2019,2019,1,A,U,16,North Dakota State,Summit,62,Duke,F
2,22-Mar-2019,2019,1,A,F,8,Central Florida,AAC,73,Central Florida,F
2,22-Mar-2019,2019,1,A,U,9,Virginia Commonwealth,A-10,58,Central Florida,F
3,22-Mar-2019,2019,1,A,F,5,Mississippi State,SEC,76,Liberty,U
3,22-Mar-2019,2019,1,A,U,12,Liberty,A-Sun,80,Liberty,U
4,22-Mar-2019,2019,1,A,F,4,Virginia Tech,ACC,66,Virginia Tech,F
4,22-Mar-2019,2019,1,A,U,13,Saint Louis,A-10,52,Virginia Tech,F
5,21-Mar-2019,2019,1,A,F,6,Maryland,Big Ten,79,Maryland,F
5,21-Mar-2019,2019,1,A,U,11,Belmont,OVC,77,Maryland,F
6,21-Mar-2019,2019,1,A,F,3,Louisiana State,SEC,79,Louisiana State,F
6,21-Mar-2019,2019,1,A,U,14,Yale,Ivy,74,Louisiana State,F
7,21-Mar-2019,2019,1,A,F,7,Louisville,ACC,76,Minnesota,U
7,21-Mar-2019,2019,1,A,U,10,Minnesota,Big Ten,86,Minnesota,U
8,21-Mar-2019,2019,1,A,F,2,Michigan State,Big Ten,76,Michigan State,F
8,21-Mar-2019,2019,1,A,U,15,Bradley,MVC,65,Michigan State,F
9,21-Mar-2019,2019,1,B,F,1,Gonzaga,WCC,87,Gonzaga,F
9,21-Mar-2019,2019,1,B,U,16,Fairleigh Dickinson,NEC,49,Gonzaga,F
10,21-Mar-2019,2019,1,B,F,8,Baylor,Big 12,78,Baylor,F
10,21-Mar-2019,2019,1,B,U,9,Syracuse,ACC,69,Baylor,F
11,21-Mar-2019,2019,1,B,F,5,Marquette,Big East,64,Murray State,U
11,21-Mar-2019,2019,1,B,U,12,Murray State,OVC,83,Murray State,U
12,21-Mar-2019,2019,1,B,F,4,Florida State,ACC,76,Florida State,F
12,21-Mar-2019,2019,1,B,U,13,Vermont,AEC,69,Florida State,F
13,22-Mar-2019,2019,1,B,F,6,Buffalo,MAC (East),91,Buffalo,F
13,22-Mar-2019,2019,1,B,U,11,Arizona State,Pac-12,74,Buffalo,F
14,22-Mar-2019,2019,1,B,F,3,Texas Tech,Big 12,72,Texas Tech,F
14,22-Mar-2019,2019,1,B,U,14,Northern Kentucky,Horizon,57,Texas Tech,F
15,21-Mar-2019,2019,1,B,F,7,Florida,SEC,70,Florida,F
15,21-Mar-2019,2019,1,B,U,10,Nevada,MWC,61,Florida,F
16,21-Mar-2019,2019,1,B,F,2,Michigan,Big Ten,74,Michigan,F
16,21-Mar-2019,2019,1,B,U,15,Montana,Big Sky,55,Michigan,F
17,22-Mar-2019,2019,1,C,F,1,Virginia,ACC,71,Virginia,F
17,22-Mar-2019,2019,1,C,U,16,Gardner-Webb,Big South,56,Virginia,F
18,22-Mar-2019,2019,1,C,F,8,Oklahoma,Big 12,95,Oklahoma,F
18,22-Mar-2019,2019,1,C,U,9,Mississippi,SEC,72,Oklahoma,F
19,22-Mar-2019,2019,1,C,F,5,Wisconsin,Big Ten,54,Oregon,U
19,22-Mar-2019,2019,1,C,U,12,Oregon,Pac-12,72,Oregon,U
20,22-Mar-2019,2019,1,C,F,4,Kansas State,Big 12,64,UC-Irvine,U
20,22-Mar-2019,2019,1,C,U,13,UC-Irvine,Big West,70,UC-Irvine,U
21,21-Mar-2019,2019,1,C,F,6,Villanova,Big East,61,Villanova,F
21,21-Mar-2019,2019,1,C,U,11,Saint Mary's (CA),WCC,57,Villanova,F
22,21-Mar-2019,2019,1,C,F,3,Purdue,Big Ten,61,Purdue,F
22,21-Mar-2019,2019,1,C,U,14,Old Dominion,CUSA,48,Purdue,F
23,22-Mar-2019,2019,1,C,F,7,Cincinnati,AAC,72,Iowa,U
23,22-Mar-2019,2019,1,C,U,10,Iowa,Big Ten,79,Iowa,U
24,22-Mar-2019,2019,1,C,F,2,Tennessee,SEC,77,Tennessee,F
24,22-Mar-2019,2019,1,C,U,15,Colgate,Patriot,70,Tennessee,F
25,22-Mar-2019,2019,1,D,F,1,North Carolina,ACC,88,North Carolina,F
25,22-Mar-2019,2019,1,D,U,16,Iona,MAAC,73,North Carolina,F
26,22-Mar-2019,2019,1,D,F,8,Utah State,MWC,61,Washington,U
26,22-Mar-2019,2019,1,D,U,9,Washington,Pac-12,78,Washington,U
27,21-Mar-2019,2019,1,D,F,5,Auburn,SEC,78,Auburn,F
27,21-Mar-2019,2019,1,D,U,12,New Mexico State,WAC,77,Auburn,F
28,21-Mar-2019,2019,1,D,F,4,Kansas,Big 12,87,Kansas,F
28,21-Mar-2019,2019,1,D,U,13,Northeastern,CAA,53,Kansas,F
29,22-Mar-2019,2019,1,D,F,6,Iowa State,Big 12,59,Ohio State,U
29,22-Mar-2019,2019,1,D,U,11,Ohio State,Big Ten,62,Ohio State,U
30,22-Mar-2019,2019,1,D,F,3,Houston,AAC,84,Houston,F
30,22-Mar-2019,2019,1,D,U,14,Georgia State,Sun Belt,55,Houston,F
31,21-Mar-2019,2019,1,D,F,7,Wofford,Southern,84,Wofford,F
31,21-Mar-2019,2019,1,D,U,10,Seton Hall,Big East,68,Wofford,F
32,21-Mar-2019,2019,1,D,F,2,Kentucky,SEC,79,Kentucky,F
32,21-Mar-2019,2019,1,D,U,15,Abilene Christian,Southland,44,Kentucky,F
33,24-Mar-2019,2019,2,A,F,1,Duke,ACC,77,Duke,F
33,24-Mar-2019,2019,2,A,U,9,Central Florida,AAC,76,Duke,F
34,24-Mar-2019,2019,2,A,F,4,Virginia Tech,ACC,67,Virginia Tech,F
34,24-Mar-2019,2019,2,A,U,12,Liberty,A-Sun,58,Virginia Tech,F
35,23-Mar-2019,2019,2,A,F,3,Louisiana State,SEC,69,Louisiana State,F
35,23-Mar-2019,2019,2,A,U,6,Maryland,Big Ten,67,Louisiana State,F
36,23-Mar-2019,2019,2,A,F,2,Michigan State,Big Ten,70,Michigan State,F
36,23-Mar-2019,2019,2,A,U,10,Minnesota,Big Ten,50,Michigan State,F
37,23-Mar-2019,2019,2,B,F,1,Gonzaga,WCC,83,Gonzaga,F
37,23-Mar-2019,2019,2,B,U,9,Baylor,Big 12,71,Gonzaga,F
38,23-Mar-2019,2019,2,B,F,4,Florida State,ACC,90,Florida State,F
38,23-Mar-2019,2019,2,B,U,12,Murray State,OVC,62,Florida State,F
39,24-Mar-2019,2019,2,B,F,3,Texas Tech,Big 12,78,Texas Tech,F
39,24-Mar-2019,2019,2,B,U,6,Buffalo,MAC (East),58,Texas Tech,F
40,23-Mar-2019,2019,2,B,F,2,Michigan,Big Ten,64,Michigan,F
40,23-Mar-2019,2019,2,B,U,10,Florida,SEC,49,Michigan,F
41,24-Mar-2019,2019,2,C,F,1,Virginia,ACC,63,Virginia,F
41,24-Mar-2019,2019,2,C,U,9,Oklahoma,Big 12,51,Virginia,F
42,24-Mar-2019,2019,2,C,F,12,Oregon,Pac-12,73,Oregon,F
42,24-Mar-2019,2019,2,C,U,13,UC-Irvine,Big West,54,Oregon,F
43,23-Mar-2019,2019,2,C,F,3,Purdue,Big Ten,87,Purdue,F
43,23-Mar-2019,2019,2,C,U,6,Villanova,Big East,61,Purdue,F
44,24-Mar-2019,2019,2,C,F,2,Tennessee,SEC,83,Tennessee,F
44,24-Mar-2019,2019,2,C,U,10,Iowa,Big Ten,77,Tennessee,F
45,24-Mar-2019,2019,2,D,F,1,North Carolina,ACC,81,North Carolina,F
45,24-Mar-2019,2019,2,D,U,9,Washington,Pac-12,59,North Carolina,F
46,23-Mar-2019,2019,2,D,F,4,Kansas,Big 12,75,Auburn,U
46,23-Mar-2019,2019,2,D,U,5,Auburn,SEC,89,Auburn,U
47,24-Mar-2019,2019,2,D,F,3,Houston,AAC,74,Houston,F
47,24-Mar-2019,2019,2,D,U,11,Ohio State,Big Ten,59,Houston,F
48,23-Mar-2019,2019,2,D,F,2,Kentucky,SEC,62,Kentucky,F
48,23-Mar-2019,2019,2,D,U,7,Wofford,Southern,56,Kentucky,F
49,29-Mar-2019,2019,3,A,F,1,Duke,ACC,75,Duke,F
49,29-Mar-2019,2019,3,A,U,4,Virginia Tech,ACC,73,Duke,F
50,29-Mar-2019,2019,3,A,F,2,Michigan State,Big Ten,80,Michigan State,F
50,29-Mar-2019,2019,3,A,U,3,Louisiana State,SEC,63,Michigan State,F
51,28-Mar-2019,2019,3,B,F,1,Gonzaga,WCC,72,Gonzaga,F
51,28-Mar-2019,2019,3,B,U,4,Florida State,ACC,58,Gonzaga,F
52,28-Mar-2019,2019,3,B,F,2,Michigan,Big Ten,44,Texas Tech,U
52,28-Mar-2019,2019,3,B,U,3,Texas Tech,Big 12,63,Texas Tech,U
53,28-Mar-2019,2019,3,C,F,1,Virginia,ACC,53,Virginia,F
53,28-Mar-2019,2019,3,C,U,12,Oregon,Pac-12,49,Virginia,F
54,28-Mar-2019,2019,3,C,F,2,Tennessee,SEC,94,Purdue,U
54,28-Mar-2019,2019,3,C,U,3,Purdue,Big Ten,99,Purdue,U
55,29-Mar-2019,2019,3,D,F,1,North Carolina,ACC,80,Auburn,U
55,29-Mar-2019,2019,3,D,U,5,Auburn,SEC,97,Auburn,U
56,29-Mar-2019,2019,3,D,F,2,Kentucky,SEC,62,Kentucky,F
56,29-Mar-2019,2019,3,D,U,3,Houston,AAC,58,Kentucky,F
57,31-Mar-2019,2019,4,A,F,1,Duke,ACC,67,Michigan State,U
57,31-Mar-2019,2019,4,A,U,2,Michigan State,Big Ten,68,Michigan State,U
58,30-Mar-2019,2019,4,B,F,1,Gonzaga,WCC,69,Texas Tech,U
58,30-Mar-2019,2019,4,B,U,3,Texas Tech,Big 12,75,Texas Tech,U
59,30-Mar-2019,2019,4,C,F,1,Virginia,ACC,80,Virginia,F
59,30-Mar-2019,2019,4,C,U,3,Purdue,Big Ten,75,Virginia,F
60,31-Mar-2019,2019,4,D,F,2,Kentucky,SEC,71,Auburn,U
60,31-Mar-2019,2019,4,D,U,5,Auburn,SEC,77,Auburn,U
61,06-Apr-2019,2019,5,E,F,2,Michigan State,Big Ten,51,Texas Tech,U
61,06-Apr-2019,2019,5,E,U,3,Texas Tech,Big 12,61,Texas Tech,U
62,06-Apr-2019,2019,5,F,F,1,Virginia,ACC,63,Virginia,F
62,06-Apr-2019,2019,5,F,U,5,Auburn,SEC,62,Virginia,F
63,08-Apr-2019,2019,6,G,F,1,Virginia,ACC,85,Virginia,F
63,08-Apr-2019,2019,6,G,U,3,Texas Tech,Big 12,77,Virginia,F
-4,19-Mar-2019,2019,PI,A,F,11,Belmont,OVC,81,Belmont,F
-4,19-Mar-2019,2019,PI,A,U,11,Temple,AAC,70,Belmont,F
-3,20-Mar-2019,2019,PI,B,F,11,Arizona State,Pac-12,74,Arizona State,F
-3,20-Mar-2019,2019,PI,B,U,11,St. John's (NY),Big East,65,Arizona State,F
-2,19-Mar-2019,2019,PI,B,F,16,Prairie View,SWAC,76,Fairleigh Dickinson,U
-2,19-Mar-2019,2019,PI,B,U,16,Fairleigh Dickinson,NEC,82,Fairleigh Dickinson,U
-1,20-Mar-2019,2019,PI,B,F,16,Prairie View,SWAC,76,Fairleigh Dickinson,U
-1,20-Mar-2019,2019,PI,B,U,16,Fairleigh Dickinson,NEC,82,Fairleigh Dickinson,U
1,,2020,1,A,F,1,Kansas,Big 12,,,
1,,2020,1,A,U,16,Winthrop,Big South,,,
2,,2020,1,A,F,8,Houston,AAC,,,
2,,2020,1,A,U,9,Southern California,Pac-12,,,
3,,2020,1,A,F,5,Brigham Young,WCC,,,
3,,2020,1,A,U,12,Yale,Ivy,,,
4,,2020,1,A,F,4,Wisconsin,Big Ten,,,
4,,2020,1,A,U,13,New Mexico State,WAC,,,
5,,2020,1,A,F,6,Iowa,Big Ten,,,
5,,2020,1,A,U,11,UCLA,Pac-12,,,
6,,2020,1,A,F,3,Duke,ACC,,,
6,,2020,1,A,U,14,Belmont,OVC,,,
7,,2020,1,A,F,7,West Virginia,Big 12,,,
7,,2020,1,A,U,10,Utah State,MWC,,,
8,,2020,1,A,F,2,Creighton,Big East,,,
8,,2020,1,A,U,15,Wright State,Horizon,,,
9,,2020,1,B,F,1,Dayton,A-10,,,
9,,2020,1,B,U,16,Robert Morris,NEC,,,
10,,2020,1,B,F,8,Saint Mary's (CA),WCC,,,
10,,2020,1,B,U,9,Florida,SEC,,,
11,,2020,1,B,F,5,Butler,Big East,,,
11,,2020,1,B,U,12,Cincinnati,AAC,,,
12,,2020,1,B,F,4,Maryland,Big Ten,,,
12,,2020,1,B,U,13,Vermont,AEC,,,
13,,2020,1,B,F,6,Michigan,Big Ten,,,
13,,2020,1,B,U,11,East Tennessee State,Southern,,,
14,,2020,1,B,F,3,Villanova,Big East,,,
14,,2020,1,B,U,14,Colgate,Patriot,,,
15,,2020,1,B,F,7,Illinois,Big Ten,,,
15,,2020,1,B,U,10,Marquette,Big East,,,
16,,2020,1,B,F,2,Kentucky,SEC,,,
16,,2020,1,B,U,15,UC-Irvine,Big West,,,
17,,2020,1,C,F,1,Baylor,Big 12,,,
17,,2020,1,C,U,16,Little Rock,Sun Belt,,,
18,,2020,1,C,F,8,Louisiana State,SEC,,,
18,,2020,1,C,U,9,Rutgers,Big Ten,,,
19,,2020,1,C,F,5,Auburn,SEC,,,
19,,2020,1,C,U,12,Liberty,A-Sun,,,
20,,2020,1,C,F,4,Oregon,Pac-12,,,
20,,2020,1,C,U,13,North Texas,CUSA,,,
21,,2020,1,C,F,6,Virginia,ACC,,,
21,,2020,1,C,U,11,Indiana,Big Ten,,,
22,,2020,1,C,F,3,Michigan State,Big Ten,,,
22,,2020,1,C,U,14,Bradley,MVC,,,
23,,2020,1,C,F,7,Providence,Big East,,,
23,,2020,1,C,U,10,Arizona State,Pac-12,,,
24,,2020,1,C,F,2,Florida State,ACC,,,
24,,2020,1,C,U,15,North Dakota State,Summit,,,
25,,2020,1,D,F,1,Gonzaga,WCC,,,
25,,2020,1,D,U,16,Siena,MAAC,,,
26,,2020,1,D,F,8,Arizona,Pac-12,,,
26,,2020,1,D,U,9,Oklahoma,Big 12,,,
27,,2020,1,D,F,5,Ohio State,Big Ten,,,
27,,2020,1,D,U,12,Stephen F. Austin,Southland,,,
28,,2020,1,D,F,4,Louisville,ACC,,,
28,,2020,1,D,U,13,Akron,MAC (East),,,
29,,2020,1,D,F,6,Penn State,Big Ten,,,
29,,2020,1,D,U,11,Texas,Big 12,,,
30,,2020,1,D,F,3,Seton Hall,Big East,,,
30,,2020,1,D,U,14,Hofstra,CAA,,,
31,,2020,1,D,F,7,Colorado,Pac-12,,,
31,,2020,1,D,U,10,Texas Tech,Big 12,,,
32,,2020,1,D,F,2,San Diego State,MWC,,,
32,,2020,1,D,U,15,Eastern Washington,Big Sky,,,
-4,,2020,PI,B,F,16,North Carolina Central,MEAC,,,
-4,,2020,PI,B,U,16,Robert Morris,NEC,,,
-3,,2020,PI,C,F,11,Stanford,Pac-12,,,
-3,,2020,PI,C,U,11,Indiana,Big Ten,,,
-2,,2020,PI,D,F,16,Prairie View,SWAC,,,
-2,,2020,PI,D,U,16,Siena,MAAC,,,
-1,,2020,PI,D,F,11,North Carolina State,ACC,,,
-1,,2020,PI,D,U,11,Texas,Big 12,,,
